Price,Close,High,Low,Open,Volume
Ticker,GOOGL,GOOGL,GOOGL,GOOGL,GOOGL
Date,,,,,
2020-01-02,68.18681335449219,68.18681335449219,67.08132380627873,67.176977721624,27278000
2020-01-03,67.83010864257812,68.43940351728152,67.12267404619415,67.15655543577822,23408000
2020-01-06,69.63805389404297,69.66345923216974,67.30600805367692,67.33738843542059,46768000
2020-01-07,69.50354766845703,69.92153470711604,69.32669091744489,69.77008329725511,34330000
2020-01-08,69.99825286865234,70.3375228813182,69.37999541559134,69.48909698901235,35314000
2020-01-09,70.73309326171875,71.17598393013975,70.2558194812113,70.83970143414861,33200000
2020-01-10,71.18992614746094,71.48784974028622,70.72362186567442,71.21533908846308,26258000
2020-01-13,71.7414321899414,71.81366484523728,71.01107809709713,71.50328944184061,30730000
2020-01-14,71.2711410522461,71.8709640363411,71.13064389247113,71.73993876603046,26076000
2020-01-15,71.7000732421875,71.77879025901605,71.32443609399188,71.39219126260538,21550000
2020-01-16,72.24610137939453,72.27300427999972,71.73993307286825,72.01144787956945,26080000
2020-01-17,73.70880126953125,73.76011367358568,72.56445103890334,72.86286877720866,52424000
2020-01-21,73.84481048583984,74.22493276033909,73.24497990845329,73.682891350434,48930000
2020-01-22,73.9255142211914,74.75799906007849,73.86523925075431,74.21746279473615,28458000
2020-01-23,73.96636962890625,74.4052845476194,73.74866059227482,74.10885847916708,26650000
2020-01-24,73.04370880126953,74.44014342272132,72.8947432066111,74.37139241036722,29786000
2020-01-27,71.32793426513672,71.56955866813779,70.71863939255725,71.31846997752507,34132000
2020-01-28,72.26304626464844,72.47726605072009,71.25967970809778,71.82662476293184,29724000
2020-01-29,72.57191467285156,72.94257262840148,72.00845893497106,72.65959425732443,21566000
2020-01-30,72.44986724853516,72.49968208968686,71.49084223477435,71.64528116546836,27110000
2020-01-31,71.38024139404297,73.21807678829367,71.09527131841374,73.12790379399927,43822000
2020-02-03,73.86223602294922,74.04657296301339,72.56743036798406,72.81851903680833,71636000
2020-02-04,72.00946044921875,73.10199650551328,70.84468413309284,72.46182298123878,95880000
2020-02-05,72.04134368896484,72.96449562114519,71.22580336725193,72.91617074068874,36376000
2020-02-06,73.53193664550781,73.81042993755283,72.26204220223194,72.33676825821126,37822000
2020-02-07,73.6883773803711,73.9942677344084,73.00585396908144,73.10449541727816,28360000
2020-02-10,75.16053771972656,75.17149956935405,73.4935839944387,73.59471884010038,38302000
2020-02-11,75.23028564453125,76.21771113263144,75.00061892772216,75.39020550159178,34852000
2020-02-12,75.65724182128906,75.74043633057408,75.16103948219266,75.51923806383654,31042000
2020-02-13,75.39618682861328,76.02191687395778,74.92837735428414,75.22729680616945,22914000
2020-02-14,75.66221618652344,75.72797967828164,75.00559231326048,75.45297562350825,23198000
2020-02-18,75.69759368896484,76.25158520613671,75.27761496690005,75.4435174707526,25642000
2020-02-19,75.96810913085938,76.2605518097851,75.77431549389932,76.08418918563441,22746000
2020-02-20,75.57553100585938,76.07770834757048,74.94132496189518,75.67616412195946,25962000
2020-02-21,73.90508270263672,75.27462206552566,73.6574832677561,74.95726817378268,42520000
2020-02-24,70.736572265625,71.55959279941615,70.08543687850549,70.89549627943762,49560000
2020-02-25,69.06563568115234,71.58300697779833,68.77170303202607,71.29156773137504,51580000
2020-02-26,69.27238464355469,70.42819845561333,68.57889939705458,69.49707216060908,49776000
2020-02-27,65.51001739501953,68.2226873655206,65.4746460468317,67.7115398365822,62290000
2020-02-28,66.72062683105469,66.88004494343048,63.18145503464202,63.48535365075221,80198000
2020-03-02,69.06563568115234,69.1229231286208,66.02067405586332,67.32544584408515,55430000
2020-03-03,66.64441680908203,70.15518886051058,66.2219446617251,69.63158946211831,56602000
2020-03-04,68.83048248291016,68.88926748762059,66.6085339749811,67.70256753542472,47598000
2020-03-05,65.50055694580078,67.4370414491301,64.84692814514692,67.03449374191095,54380000
2020-03-06,64.55299377441406,64.90222218354712,62.63345001724397,63.26815022542305,64640000
2020-03-09,60.5699348449707,62.41026376463806,59.685639656926234,60.03039060424266,69252000
2020-03-10,63.52820587158203,63.56208346017073,60.5061600095972,62.49296104143068,54872000
2020-03-11,60.32630920410156,62.61949838943698,59.34187890099212,62.18806372644597,54732000
2020-03-12,55.37675476074219,59.22281313910036,55.22331167410478,55.92825665674984,94326000
2020-03-13,60.494205474853516,60.500682240290445,55.413620095234876,58.537298689662194,79400000
2020-03-16,53.45621871948242,57.06662772504203,53.161286436824646,54.28371671880484,96520000
2020-03-17,55.70107650756836,56.09664189269421,52.26553273663821,54.335030213703156,83194000
2020-03-18,54.362430572509766,55.049936896919235,51.66271423119009,52.80557438423959,93044000
2020-03-19,55.38273239135742,57.42233951228538,52.58686790234642,54.2144668514263,74064000
2020-03-20,53.21757888793945,56.71838820983278,52.91318233474506,56.34075556015403,82878000
2020-03-23,52.5161247253418,53.152816591676384,50.2612982120029,52.62771969397402,83672000
2020-03-24,56.29642105102539,56.46182182723558,54.125290704013324,54.99962362416185,72468000
2020-03-25,54.88204574584961,57.1014970074779,53.95490673143392,56.025897922286106,90324000
2020-03-26,57.935977935791016,58.3624334086797,54.4042821365031,55.53468295067127,76562000
2020-03-27,55.31248474121094,57.344619150620744,55.00061558660406,56.169876906455066,62794000
2020-03-30,57.10847473144531,57.34212859909248,54.72611218061649,56.42744514551845,58736000
2020-03-31,57.88765335083008,58.458083824910496,56.630708544990256,57.2290415631662,65228000
2020-04-01,54.90596008300781,56.267027211100036,54.47701502016982,55.99700615531,51970000
2020-04-02,55.6497688293457,55.93573095399749,54.45908540949232,54.80134294224164,56410000
2020-04-03,54.43765640258789,55.73744511904495,53.55984186349984,55.53418339732919,51374000
2020-04-06,58.94581604003906,59.32244906224932,56.04682503081574,56.44538175140231,63320000
2020-04-07,58.9144287109375,60.818529302753255,58.64988857565713,60.630706908970595,61620000
2020-04-08,60.132015228271484,60.52558895059071,58.98367788811864,59.937719869279775,40334000
2020-04-09,60.110591888427734,60.87880693991357,59.40564692717376,60.688996669217964,54028000
2020-04-13,60.301902770996094,60.50666206471668,58.90297462683948,59.858012475342434,38702000
2020-04-14,63.03300476074219,63.55710205404441,61.20512769663744,61.77456615054075,63358000
2020-04-15,62.63793182373047,63.52521443511321,61.477138918727164,62.100379324447886,42236000
2020-04-16,62.644405364990234,63.4380295511721,61.68638004984677,63.12815206658485,57896000
2020-04-17,63.71901321411133,64.26702585267132,63.071359495228606,63.85352392139879,51050000
2020-04-20,62.82973861694336,63.610409325792794,62.59508889587213,63.26516046997255,35292000
2020-04-21,60.38908386230469,62.27424820103494,60.03237526579768,61.91106664037472,49648000
2020-04-22,62.693233489990234,63.76285379905656,61.6365629106537,61.831356188881415,46296000
2020-04-23,63.32892990112305,64.17486620532053,62.79885375578141,63.05841090344447,34202000
2020-04-24,63.59944534301758,63.654744905232555,61.97533190314895,62.523344521239075,37402000
2020-04-27,63.313480377197266,64.47128575857568,63.02452695217412,64.36666167637333,44186000
2020-04-28,61.40689468383789,64.00597037196816,61.29679347697088,63.92825679183895,80700000
2020-04-29,66.8666000366211,67.76185314940159,66.0968912581043,67.00708958197549,108358000
2020-04-30,67.09178924560547,67.25619418806347,65.83633815891375,66.3275613048283,55842000
2020-05-01,65.62808990478516,67.327435005306,65.24647767611364,65.9653682187632,48872000
2020-05-04,65.90608215332031,65.98430505914773,64.56644077311196,65.17025470993144,30806000
2020-05-05,67.20736694335938,68.30289816133721,66.51040006859995,66.6334510131675,39666000
2020-05-06,67.02851867675781,68.18731999160298,67.01357346407988,67.65475045457835,31732000
2020-05-07,68.21671295166016,68.5515055013109,67.38273810448287,67.81965374652499,30652000
2020-05-08,68.96699523925781,69.57977176792713,68.35272114857746,68.84145089097197,33326000
2020-05-11,69.92601013183594,70.52085390400352,68.52658789517999,68.59085382808611,32718000
2020-05-12,68.5106430053711,70.46106910899933,68.47726333946302,70.15667635511844,33918000
2020-05-13,67.17298126220703,69.01630496173733,66.16065230960501,68.5594573991325,40368000
2020-05-14,67.59795379638672,67.6233591363203,65.92601332371991,66.43516917592565,36660000
2020-05-15,68.40502166748047,68.48074356345606,66.70817007305355,67.16950274056389,41544000
2020-05-18,69.00884246826172,69.38647134899308,67.46543379437955,67.83310426795741,47094000
2020-05-19,68.4717788696289,69.37300699697117,68.43989676724456,69.02377862702917,31586000
2020-05-20,70.20350646972656,70.34648942602318,69.12043471161293,69.20711846144812,38262000
2020-05-21,70.08344268798828,70.56718559705264,69.46767107075028,70.29467493775918,30894000
2020-05-22,70.40676879882812,70.59408566129582,69.5453894587064,69.94145276179594,28544000
2020-05-26,70.81179809570312,71.99451473967798,70.71365837687964,71.83758241160733,44590000
2020-05-27,70.75749969482422,71.01008594637463,69.4781408664338,70.74355032318083,31684000
2020-05-28,70.65586853027344,71.96213022057283,69.70132864220743,69.74716011851211,35170000
2020-05-29,71.41710662841797,71.57702647189404,70.54327547342558,70.76496784378698,37044000
2020-06-01,71.48436737060547,71.8186581836549,70.85713974161835,71.02752733192398,25162000
2020-06-02,71.85501861572266,71.88939412258804,70.82375340976124,71.49083741107874,23442000
2020-06-03,71.70257568359375,72.18881201214307,71.32245340395113,71.87445322824456,27732000
2020-06-04,70.45957946777344,71.80570529874512,70.04657922341435,71.5795202176529,26982000
2020-06-05,71.74092864990234,72.05379744790729,70.12677742503232,70.52632996829688,42642000
2020-06-08,72.14048767089844,72.1883108306279,70.96674115496965,71.05642003198895,33878000
2020-06-09,72.34175109863281,73.12491517312255,71.85750646676351,72.0009911440297,33624000
2020-06-10,72.97047424316406,73.37251259643772,72.45534336088231,72.81155023889953,31762000
2020-06-11,69.8418197631836,72.317844611134,69.6679505395017,71.79125013479211,47144000
2020-06-12,70.39083099365234,71.46643014655847,69.03972605596952,71.0354895960037,36676000
2020-06-15,70.78041076660156,70.99263883796326,69.1094662895663,69.22355465173395,30468000
2020-06-16,72.06227111816406,72.59533476014369,71.1914274344332,72.18830958177831,30648000
2020-06-17,72.36466217041016,72.84591922394547,71.4973078503515,72.38459418523244,30610000
2020-06-18,71.4469985961914,72.38609154152647,71.05441692317615,72.23065677847741,34862000
2020-06-19,70.97471618652344,71.96412575466351,70.69372946412412,71.73993996264775,52784000
2020-06-22,72.27101135253906,72.28546244565803,70.70320078128806,70.99315006784434,29442000
2020-06-23,72.93460083007812,73.4935791055213,71.98903113596465,72.33776540656734,37752000
2020-06-24,71.37625885009766,73.52297212297677,71.24174433717035,72.89973548311546,31592000
2020-06-25,71.79473876953125,71.85551545856381,70.720629569588,71.30251980582155,23958000
2020-06-26,67.88092041015625,71.59146814297863,67.50528324968963,71.37276330008744,97640000
2020-06-29,69.60617065429688,69.64752464958299,67.33839053044488,67.7713227704338,45074000
2020-06-30,70.64640045166016,70.94282650629934,69.09602088066073,69.59172910748964,40286000
2020-07-01,71.83956909179688,72.16240389341202,70.4535946200705,70.7021974861631,42182000
2020-07-02,73.23103332519531,74.15718040763036,72.2914385919885,72.3298050665194,57218000
2020-07-06,74.71166229248047,75.22729491318063,73.58225733217644,74.13874222626067,44712000
2020-07-07,74.22692108154297,75.79124990468137,74.21595923259059,74.53630064372297,42364000
2020-07-08,74.90845489501953,75.2855896621943,74.34549320672672,74.76896117431934,31766000
2020-07-09,75.65872955322266,76.18083893904442,74.50940017796016,75.22380563879062,41836000
2020-07-10,76.67255401611328,76.78863406760478,74.76497183660314,75.38920428639194,35918000
2020-07-13,75.3384017944336,78.53331741345096,75.05592510143445,77.21708959553256,42954000
2020-07-14,75.7683334350586,75.86498319457694,74.02814364430351,74.36990704594152,38108000
2020-07-15,75.57005310058594,76.53903647589908,74.62099414042883,75.88640355335926,31026000
2020-07-16,75.472412109375,75.52173283177987,74.14472076367511,74.80383049169487,26484000
2020-07-17,75.56855773925781,75.89637177199131,74.63444396372523,75.57154526134265,34264000
2020-07-20,77.90957641601562,78.16714187775806,74.86361891146494,75.47639543898973,30166000
2020-07-21,77.51500701904297,79.065888395957,77.35060206870368,78.96525526456607,27486000
2020-07-22,77.95988464355469,78.06599868334108,76.88278799026335,77.50453461968445,24482000
2020-07-23,75.5635757446289,78.23389586305572,75.15704470098699,78.01369344820895,33910000
2020-07-24,75.13812255859375,75.4978187147444,74.11084821614986,74.68875512451017,29902000
2020-07-27,76.19528198242188,76.60031547041915,75.34337449446365,75.38970769221412,27124000
2020-07-28,74.91094207763672,76.02490006928045,74.75500559506845,75.97458351011703,30910000
2020-07-29,75.90035247802734,76.38957630642854,74.87905326549283,74.97819642494973,22676000
2020-07-30,76.64067077636719,76.76621511310496,74.48846911485644,74.62796282234285,36042000
2020-07-31,74.12876892089844,74.97918637040054,72.43739830833947,74.58212724621717,91468000
2020-08-03,73.87020874023438,74.61600212490353,73.3202006575534,74.28072312105229,45482000
2020-08-04,73.39891815185547,74.3858418003166,72.93709137089841,74.06699796515592,37212000
2020-08-05,73.6873779296875,74.23090931074083,73.29529795709186,73.57429299507842,29134000
2020-08-06,74.97570037841797,75.0414638688501,73.32917292799154,73.54090688926841,33306000
2020-08-07,74.64789581298828,75.72997170168529,74.04507773918269,75.17946947024757,27718000
2020-08-10,74.5706787109375,75.08530788975622,73.60766276318256,74.27076342552382,20546000
2020-08-11,73.7596206665039,75.24922357958758,73.64254476328017,74.43018637647529,31098000
2020-08-12,75.08979034423828,75.31049447767546,73.98180739873705,74.08742732192708,22512000
2020-08-13,75.55859375,76.57093045908631,75.13812091037408,75.13812091037408,22388000
2020-08-14,74.95977020263672,75.71503560697212,74.67928518835669,75.40714596693718,21942000
2020-08-17,75.53816986083984,75.9138146755014,74.9782032851523,75.52472220977971,19990000
2020-08-18,77.5080337524414,77.58724490192614,75.80869613350978,76.03038852817615,28378000
2020-08-19,76.95154571533203,78.15966773297319,76.72187900212155,77.34411980521735,30472000
2020-08-20,78.52783203125,78.72312323476095,76.4458788058098,76.72038115531467,26382000
2020-08-21,78.49395751953125,79.30651031281674,77.83335025134366,78.30613132210684,34838000
2020-08-24,78.97122192382812,80.14845763456078,78.4675469972095,79.33589725744946,25638000
2020-08-25,80.00248718261719,80.15343686372387,78.60903241627476,78.71963154557028,25150000
2020-08-26,81.9095687866211,82.34101106223622,79.75986802379185,80.02490608104357,52188000
2020-08-27,81.13188934326172,82.10186853182472,80.64813884839977,82.03311751863201,31350000
2020-08-28,81.6754150390625,81.77106895544175,80.98691665183625,81.1792203252564,22418000
2020-08-31,81.18221282958984,81.92800630889975,80.97297225024275,81.88167310885905,26422000
2020-09-01,82.45509338378906,82.66134643712245,81.18221131603306,81.31323658609256,22652000
2020-09-02,85.55933380126953,85.99326184572126,82.70966367213177,83.09925020291392,49522000
2020-09-03,81.18121337890625,84.69298091600302,80.0951464942045,84.66906553604466,63726000
2020-09-04,78.77494049072266,81.45422340222592,76.62074691855972,80.15941758540397,55850000
2020-09-08,75.90483856201172,77.49656444782057,75.55111747525575,75.97458541832226,54032000
2020-09-09,77.08207702636719,77.65449538796737,75.98305657760726,77.16527153565474,39242000
2020-09-10,76.02689361572266,78.39879605198924,75.72548837275342,77.22904054800122,33024000
2020-09-11,75.51425170898438,76.65710424434029,74.38135757977268,76.13151325135439,30706000
2020-09-14,75.16899871826172,77.56879974493008,74.98367354101607,76.30587620432017,42660000
2020-09-15,76.47875213623047,77.26938879198397,75.83011019321296,76.1185618969855,23042000
2020-09-16,75.3314208984375,77.43778367605645,75.30650967657043,76.84543328535601,22128000
2020-09-17,74.08343505859375,74.66233774102265,72.85887796426488,74.02215665166219,40008000
2020-09-18,72.29242706298828,74.48996606174869,71.32244788364751,74.14621099905342,63056000
2020-09-21,71.24872589111328,71.74292896409321,69.88068396867533,71.32245611530352,56908000
2020-09-22,72.72735595703125,72.93411073010083,71.2168328603775,72.25407316357077,33950000
2020-09-23,70.21495819091797,72.39156930532971,69.8806750211675,72.34224858842106,37726000
2020-09-24,70.88603210449219,71.63979990027593,69.85427271441243,69.88068149776949,34552000
2020-09-25,71.69309997558594,72.03585156774594,70.12976715020248,70.99512977984065,30326000
2020-09-28,72.66956329345703,73.38347461301063,72.05280345095021,73.33365977505386,30784000
2020-09-29,73.03624725341797,73.33416328416592,72.43741246591681,72.93112903772052,31816000
2020-09-30,73.01531219482422,74.04159062936886,72.52509251682595,72.78315208556084,40924000
2020-10-01,74.12628936767578,74.48349973165284,73.5732936680054,73.915057097324,32884000
2020-10-02,72.51712036132812,73.68439010609272,72.10611181504586,72.71789249064658,31222000
2020-10-05,73.87371063232422,73.96687115597771,72.74081632962691,72.86835236433393,21602000
2020-10-06,72.28895568847656,73.95790119838244,71.98954209764706,73.50853375240524,26096000
2020-10-07,72.6934814453125,73.18320700814674,71.40265906364932,72.70194989206978,36108000
2020-10-08,73.90359497070312,74.13275995762241,73.0078400755712,73.0078400755712,26076000
2020-10-09,75.24971008300781,75.31945693732641,74.08144457179348,74.37338551928684,32966000
2020-10-12,77.94692993164062,79.13412396919452,76.18879995044458,76.62223387226929,55344000
2020-10-13,78.07048797607422,78.97172378559651,77.65001515673892,78.56569445694564,39072000
2020-10-14,77.88964080810547,78.90645495748937,77.01580961564979,78.44563158309474,33174000
2020-10-15,77.49258422851562,78.28620846255698,76.7781787431495,76.9460653245229,31210000
2020-10-16,78.10188293457031,78.60057110140168,77.60169720567637,77.8094402312883,34194000
2020-10-19,76.22119140625,78.91044782578675,75.87096715362827,78.51189109073204,29734000
2020-10-20,77.27388000488281,78.40777009705141,75.75040333901116,75.88043277067209,41670000
2020-10-21,79.01307678222656,80.46531667906677,78.0739837449452,78.20899238494292,60322000
2020-10-22,80.04283905029297,80.37961564707625,78.5891092929625,78.96375064141789,30512000
2020-10-23,81.35408782958984,81.41088115636,80.30438812044022,80.46082633106839,30548000
2020-10-26,78.92837524414062,81.1846916659165,78.10585648871245,80.45832854576939,35826000
2020-10-27,79.65524291992188,79.8106776850853,78.56469855934021,79.15954231999152,25902000
2020-10-28,75.26715087890625,77.40988073140537,75.15157254606702,77.22057217953115,45174000
2020-10-29,77.56282806396484,79.15006883310937,75.55360932054283,75.57702297863642,55406000
2020-10-30,80.51362609863281,83.76235480157268,79.78925464364642,83.07086129202403,99878000
2020-11-02,80.92265319824219,82.61252643628038,80.4204682214181,80.8837926057364,44228000
2020-11-03,81.98578643798828,82.65037701500384,80.31434778840128,81.24348228397723,31432000
2020-11-04,86.97720336914062,88.18183610365294,84.8424402415851,84.9709721050456,71342000
2020-11-05,87.80670166015625,89.26741002616306,86.73707744938896,88.20276501925385,39758000
2020-11-06,87.668701171875,88.10561678657324,86.52035998576054,87.25071413274178,28622000
2020-11-09,87.75289154052734,90.51637235151792,87.56009373587862,89.47465453904104,53440000
2020-11-10,86.57217407226562,87.65126251758112,85.4960731491163,86.17611073287821,43022000
2020-11-11,87.04595184326172,87.8266148903884,86.83820124035478,87.10423512740996,31838000
2020-11-12,86.82624053955078,87.93024008262216,86.58461615942764,86.78538826902123,26474000
2020-11-13,88.29293060302734,88.5355508426952,86.48548735624237,87.08431448870246,29744000
2020-11-16,88.38111114501953,89.3929460898464,87.74840262917563,87.88839806390286,25468000
2020-11-17,87.76484680175781,88.53605320268133,87.6567410725559,88.07372465767033,21314000
2020-11-18,86.71763610839844,87.93123897541416,86.61450958788471,87.51474953078005,20108000
2020-11-19,87.61090087890625,87.85601451986335,86.18855911636818,86.34847896703232,20106000
2020-11-20,86.50540924072266,88.0986326654224,86.43665822607944,87.78178049366831,27694000
2020-11-23,86.06600189208984,86.98417459885138,85.20014502917995,86.69671872564506,22530000
2020-11-24,87.8764419555664,88.00497382203966,85.72573772498068,86.0630160459935,27984000
2020-11-25,87.88790130615234,88.1992725773442,87.10225138238091,88.07124242721204,19600000
2020-11-27,89.02825927734375,89.52595914203532,87.90831865377476,87.90831865377476,14790000
2020-11-30,87.40315246582031,88.69546472193882,87.07633429808473,88.4618146660326,32418000
2020-12-01,89.44376373291016,90.75700402494574,87.8331015354611,88.01394925762817,37350000
2020-12-02,90.91890716552734,91.30600791613693,88.93609717998572,89.44375546572586,29424000
2020-12-03,90.76298522949219,91.85850886844305,90.52185493709996,90.69821757214093,24728000
2020-12-04,90.85862731933594,91.1445856115015,90.35195729963404,90.68226470726584,20544000
2020-12-07,90.52335357666016,91.1341384390011,89.8263790772547,90.44961574992479,22288000
2020-12-08,90.23937225341797,90.47053652120316,89.2404984455747,90.09938442115568,19936000
2020-12-09,88.57191467285156,91.08829757012232,87.78177973255339,90.19104514431577,31728000
2020-12-10,88.06326293945312,88.42893411573529,86.36342371825536,87.81167253448392,28688000
2020-12-11,88.41947174072266,88.5445219658633,87.32045890491517,87.68214672631133,18628000
2020-12-14,87.2965316772461,89.16675066292049,87.14059520793384,88.21620184043023,33050000
2020-12-15,87.73594665527344,87.88141540591312,86.7689549942617,87.6751623675375,21352000
2020-12-16,87.54215240478516,88.1360003477814,87.13712650323956,88.1360003477814,24676000
2020-12-17,86.7111587524414,88.01643216274311,86.24485447323394,87.8779342956904,34880000
2020-12-18,85.99923706054688,87.10224076733915,85.4402664025447,86.99313920631526,85256000
2020-12-21,86.41473388671875,86.53629486272519,84.39405917743379,85.14782693035072,33974000
2020-12-22,85.70032501220703,86.31758655277737,84.98093279518055,86.15417747044755,20370000
2020-12-23,86.09938049316406,86.89051128625628,85.7491486524078,85.88516072253306,22974000
2020-12-24,86.39480590820312,86.80581441415256,85.90607622362667,86.13773459583713,9312000
2020-12-28,88.37761688232422,89.02726225465624,86.77642679040835,86.93036398590236,27650000
2020-12-29,87.57054901123047,89.10050235919063,87.43852790533303,89.03872983045667,19726000
2020-12-30,86.49893188476562,88.0687416405065,86.0879233616201,87.93123961215915,21026000
2020-12-31,87.31548309326172,87.557601623684,86.49096497190563,86.54975758459906,21070000
2021-01-04,85.99476623535156,87.80619285085264,85.04869477317573,87.68214606917775,37324000
2021-01-05,86.68824768066406,87.02602010440519,85.53492737727899,85.9429483768037,20360000
2021-01-06,85.83283996582031,86.88353542794194,84.49867961477806,84.70592848888685,46588000
2021-01-07,88.39656066894531,88.56992817426452,86.0261481075079,86.0261481075079,41936000
2021-01-08,89.56681060791016,89.64303422597571,87.74291709686659,88.53704298309565,35484000
2021-01-11,87.497314453125,88.89674428175523,87.29056728433751,88.53006966005195,34796000
2021-01-12,86.5577163696289,88.0757119949811,85.5090201510068,86.95278383812753,29528000
2021-01-13,87.04695129394531,87.5023013481082,86.05404491707665,86.05404491707665,23432000
2021-01-14,86.2333984375,88.0582879688526,85.99177402952512,87.12765580672892,29212000
2021-01-15,86.0689926147461,87.0653806618715,85.27637182228375,86.13873947397137,31444000
2021-01-19,88.9012222290039,89.86622218269375,86.32854784500995,86.83521025974277,41660000
2021-01-20,93.6639633178711,94.64291272511348,90.64690050867388,90.98865630936496,64152000
2021-01-21,93.86721801757812,96.25506146549635,93.63107455098277,94.34050839326144,58634000
2021-01-22,94.28619384765625,94.87555662959849,93.4860929542847,94.23139220833392,32744000
2021-01-25,94.37188720703125,95.74391995060923,92.62223321351706,95.29155743989047,50586000
2021-01-26,95.05292510986328,95.44151582904261,93.46767596818985,93.95889149093976,31462000
2021-01-27,90.61849975585938,93.68388743518035,89.53941134895017,93.40689168755647,82512000
2021-01-28,92.3253173828125,94.05852868409468,91.21932607485262,91.21932607485262,55278000
2021-01-29,91.03797149658203,92.04332962559052,89.75263771585273,91.36976887020839,44530000
2021-02-01,94.3116226196289,95.43106164858229,91.89637432349734,91.89637432349734,40252000
2021-02-02,95.60941314697266,97.11644703413343,94.97421120303801,95.31099541206561,66332000
2021-02-03,102.57217407226562,104.95055343734262,100.31385813211097,102.90746072666758,97882000
2021-02-04,102.31061553955078,103.09127858814463,101.3874560564438,102.65884809055703,48596000
2021-02-05,104.06426239013672,104.41847761913148,102.12977714218258,102.60604747712506,29866000
2021-02-08,103.84953308105469,105.3680304528695,102.7948618010392,104.62073945674986,28828000
2021-02-09,103.39468383789062,104.54650658602348,103.12615654590056,103.36528753401436,21892000
2021-02-10,103.94718170166016,104.5649450130785,102.24136741179713,103.7807850841294,25102000
2021-02-11,104.06026458740234,104.32181337866476,103.06935758019877,104.17236127042146,20480000
2021-02-12,104.37313842773438,104.59582664089332,103.30400846982873,103.61289391276202,18990000
2021-02-16,105.15381622314453,106.86959656226462,104.20973641979121,104.20973641979121,31004000
2021-02-17,105.54837799072266,105.73868998579213,104.04034832641678,104.32082571287907,20294000
2021-02-18,104.91019439697266,105.71627805815075,104.28844769707172,104.86984384270406,22546000
2021-02-19,104.06326293945312,105.54638902312479,103.79523735548331,105.00884029321222,37938000
2021-02-22,102.34200286865234,103.64079961329027,102.03013748467448,102.30912492140787,29466000
2021-02-23,102.63394165039062,103.25070912204706,99.15206448655958,100.33577698787235,34658000
2021-02-24,103.81416320800781,104.03885071091864,101.01033197264503,101.13537459318772,22608000
2021-02-25,100.43341827392578,103.77380989746867,99.9621271839074,102.4251983982703,41548000
2021-02-26,100.73033905029297,102.45458773490998,99.68911542657376,101.13088744744117,40042000
2021-03-01,103.10922241210938,103.4365347187737,101.35358570003427,102.03013401200471,26060000
2021-03-02,102.85115814208984,104.35869373421451,102.46207329492115,102.86909087667888,25564000
2021-03-03,100.20723724365234,103.42457021471338,99.33987527190384,102.2269160378579,33892000
2021-03-04,101.32917022705078,103.35482407898712,99.90931435204482,100.37960958790299,49216000
2021-03-05,104.47476959228516,104.92961791711122,101.02278293828931,102.68525911486967,53100000
2021-03-08,100.01244354248047,105.30525296763314,99.89735933199495,103.82661965093199,36868000
2021-03-09,101.64950561523438,102.8232520419617,101.4123663123597,102.11731505776058,33920000
2021-03-10,101.44176483154297,102.69770994837371,100.60180744400728,102.69770994837371,27100000
2021-03-11,104.64764404296875,105.18220523776341,102.4511083758253,102.53928968782215,27702000
2021-03-12,102.12977600097656,103.50529050639058,101.25395308684375,103.44550965546584,33818000
2021-03-15,102.35096740722656,102.3783644281171,101.02328375306622,101.87967631284526,26168000
2021-03-16,103.81816101074219,105.3022753921105,102.59260033416,102.92638942693472,31900000
2021-03-17,103.73495483398438,104.57092129429357,101.83683684248199,103.04993805951717,26382000
2021-03-18,100.70195007324219,103.06388655356882,100.59433846350339,102.03909806206923,31700000
2021-03-19,100.98194122314453,101.48411863865219,99.78478097599964,101.11994498943467,46072000
2021-03-22,101.16776275634766,102.04707490789406,100.33627376484465,101.01531550606788,33536000
2021-03-23,101.69783782958984,102.8327237478334,101.03374890974982,101.62908681148028,28510000
2021-03-24,101.25942993164062,103.0065906053198,101.08356142573824,102.21745147719271,25218000
2021-03-25,101.25593566894531,101.91255193489722,99.44399982946481,101.08604981741834,35616000
2021-03-26,100.87083435058594,101.60118083384282,99.83059898478972,101.22255614176294,27978000
2021-03-29,101.92002868652344,102.09041626621831,99.91031577409845,100.74280057109878,26492000
2021-03-30,101.95391082763672,102.76098268873136,101.43977576639969,102.27823561365267,27312000
2021-03-31,102.75350952148438,103.93622616566056,101.98031145156382,102.34897775246182,42570000
2021-04-01,106.10436248779297,106.40178437315846,104.193792712741,104.23464498652896,39880000
2021-04-05,110.54725646972656,111.04694804336208,106.87307563358485,106.96972539348022,48510000
2021-04-06,110.06400299072266,110.99762260350207,109.69185505974016,110.14670337558955,35240000
2021-04-07,111.54713439941406,111.81964506587008,110.25531616396992,110.25531616396992,24134000
2021-04-08,112.11507415771484,113.17921735300315,111.74541201319593,112.79112075301705,28664000
2021-04-09,113.12342071533203,113.28782565198276,111.45895281366761,111.86647971286347,26146000
2021-04-12,111.82562255859375,112.43690147795414,110.9886526996113,112.29890533032506,25024000
2021-04-13,112.31434631347656,112.76471715502049,111.74740129934294,112.14297049692215,25682000
2021-04-14,111.69061279296875,112.96200490633524,111.39718186658429,112.96200490633524,21002000
2021-04-15,113.84978485107422,114.38534950155716,112.15194486886276,112.6889994794816,29174000
2021-04-16,113.72523498535156,114.29766093867127,113.13587213844484,114.04856393280973,26282000
2021-04-19,114.07447052001953,114.78838186688787,113.0990103588193,113.0990103588193,30290000
2021-04-20,113.53890991210938,114.53479617885418,112.44836557021146,114.45956839924328,22288000
2021-04-21,113.50603485107422,113.58823351736392,111.83558432610454,113.19217019429358,23204000
2021-04-22,112.21920013427734,114.03063440238844,111.61140281475126,113.3590652676498,24146000
2021-04-23,114.58113861083984,114.88952235997519,112.65412597200617,112.94058602127447,29066000
2021-04-26,115.07933044433594,115.80669706509309,114.45110698869605,114.80980729457114,32038000
2021-04-27,114.13525390625,115.50378985999158,113.89511946951139,115.46293758663589,44386000
2021-04-28,117.52596282958984,121.1298950633469,117.23601355179915,119.19291651533729,81106000
2021-04-29,119.20586395263672,119.7738047891347,118.26377590768539,119.03000305783482,41234000
2021-04-30,117.24996185302734,118.66233759698787,116.90421509270777,117.97333747895604,44856000
2021-05-03,116.73084259033203,118.64739502673145,116.3532137163149,117.81839945604709,28242000
2021-05-04,114.92488861083984,115.82960607841663,112.42644594452452,115.25967352737906,44818000
2021-05-05,115.3204574584961,116.3283014483051,114.9971285118413,116.01095514761973,26636000
2021-05-06,116.44538116455078,116.44538116455078,114.23788355330845,114.8999807999298,25190000
2021-05-07,117.17173767089844,118.13425188151923,116.88428180149477,117.76758486917417,28898000
2021-05-10,114.17361450195312,116.1290275242415,113.81441248301603,115.98653868476471,30914000
2021-05-11,113.09302520751953,113.60218105528583,111.29255288711725,111.74840465287846,34186000
2021-05-12,109.6151351928711,111.99302033670635,109.28483535815145,110.90745515149418,46376000
2021-05-13,111.0494384765625,111.5675568900471,109.93746454623565,110.90396211934527,33204000
2021-05-14,113.50752258300781,113.8233789149502,112.09364929698383,112.51910891638579,31996000
2021-05-17,114.03262329101562,114.07546724640189,112.36815538903663,112.76969964230365,21598000
2021-05-18,112.71489715576172,114.96723792984369,112.70094778430196,114.70169815084596,22204000
2021-05-19,113.16476440429688,113.33863362430941,110.87008903639969,111.01904703596884,23684000
2021-05-20,114.93087005615234,115.18245286035571,113.7636003426539,114.13625000710029,32352000
2021-05-21,114.29217529296875,115.52571018302984,114.05154674384019,115.45197236390597,40632000
2021-05-24,117.62559509277344,117.85027498603495,115.18045663197167,115.3264271053242,31832000
2021-05-25,117.7167739868164,118.76945365385379,117.32469400828721,118.1716223385103,22440000
2021-05-26,118.58561706542969,119.01804756536346,117.89561352112118,117.8986010430773,21572000
2021-05-27,117.7072982788086,119.02103252382877,117.38745859414044,119.02103252382877,35224000
2021-05-28,117.41685485839844,118.37438229281668,117.21758029372839,118.29218362539557,21482000
2021-06-01,118.62895965576172,118.85464300235402,117.288816549542,118.29317889914864,23354000
2021-06-02,118.10137939453125,119.24971296514329,117.19316506458466,119.02602129528475,21158000
2021-06-03,116.95502471923828,117.42531997629091,116.05528647797111,116.86286004564526,18696000
2021-06-04,119.2462158203125,119.51823235304435,117.69384469019003,118.03560807723301,24458000
2021-06-07,119.68115234375,119.79125736221336,118.62000420564456,119.04047705715281,24120000
2021-06-08,119.48884582519531,120.53903969019741,119.30650814842413,120.16490004883795,24240000
2021-06-09,119.96212768554688,120.20822955860301,119.41211957041261,120.13599690283668,17942000
2021-06-10,121.31671905517578,121.36006473182732,119.75488355948265,119.91131416876631,25904000
2021-06-11,121.07110595703125,121.64502184723942,120.51113183593498,121.55933394024409,21958000
2021-06-14,122.00323486328125,122.00372898271591,120.46331544605975,121.17373756371184,22098000
2021-06-15,120.9809341430664,122.33203145695492,120.61874461427762,122.00770667877788,21562000
2021-06-16,120.33626556396484,121.4457460653678,119.03847235757074,121.1328772619074,26472000
2021-06-17,121.30376434326172,122.07994993979183,120.06475608698388,120.2615448489189,25842000
2021-06-18,119.67715454101562,121.16376215684788,119.58150062772083,120.92861453704752,46116000
2021-06-21,121.37252044677734,121.559343207855,119.46543224214392,120.06526284051601,27414000
2021-06-22,121.88864135742188,121.95789409471352,120.62672117126523,121.31024036704765,22390000
2021-06-23,121.68586730957031,122.65086725358873,121.39442809784711,121.65248764504226,19148000
2021-06-24,122.05753326416016,122.6110230424508,121.85825869956587,122.25680782875446,21362000
2021-06-25,122.06599426269531,122.19004863902798,121.12590550091117,121.55933183346728,34594000
2021-06-28,122.09339904785156,122.3415001990115,120.96698166036414,122.23537855577858,28526000
2021-06-29,121.83085632324219,122.57665739686148,121.25145947253567,122.22742138019471,23108000
2021-06-30,121.64851379394531,121.81541212963481,120.91616800193192,121.55385571715162,24474000
2021-07-01,122.00223541259766,122.14421492657009,121.09253115294321,121.2853289488081,18110000
2021-07-02,124.80506896972656,124.95103944609428,122.61501010296081,122.70518309487176,25982000
2021-07-06,125.73420715332031,125.97134646912995,124.13250762769843,125.19465914630301,26404000
2021-07-07,126.01717376708984,126.82424560699673,125.6973340734699,126.70269223196743,24060000
2021-07-08,124.59233856201172,125.14184495739205,123.57403447556105,123.57801783819254,23790000
2021-07-09,125.06513214111328,125.28034775924215,124.10162205842529,124.57341489187985,18632000
2021-07-12,126.5168685913086,126.61053082848238,125.15729519677421,125.72224854003221,17668000
2021-07-13,126.88154602050781,127.59495565583835,126.21695538501842,126.57963904780594,19240000
2021-07-14,127.77381134033203,128.859384126759,127.45247407208285,127.49581974887207,23742000
2021-07-15,126.54625701904297,128.23513439920174,126.07297423261967,128.18432371890728,24218000
2021-07-16,126.51139068603516,127.34985055293852,125.69784204050538,127.20188838851513,20424000
2021-07-19,124.1280288696289,125.74915107299049,123.05889887533583,125.6340668586888,27968000
2021-07-20,125.75363159179688,126.58411707879128,123.90134518639339,125.074088179987,26312000
2021-07-21,127.08830261230469,127.13512993141451,125.56830759877757,125.6779108921096,20746000
2021-07-22,127.9576416015625,128.01892761584799,127.03848061851856,127.3822357122905,14302000
2021-07-23,132.5345458984375,132.91716155671864,129.33166392864507,129.95937801445345,41506000
2021-07-26,133.55087280273438,133.7521390487209,131.82362892844895,132.84692745937272,30572000
2021-07-27,131.42356872558594,133.91355044141807,129.63406588377933,133.7655882856649,54710000
2021-07-28,135.6024169921875,137.79746258397032,134.78886841336347,135.819631878109,95130000
2021-07-29,135.28707885742188,136.16738687452755,135.0534287718123,135.65823098456275,31716000
2021-07-30,134.2398681640625,134.8157833421163,133.77007463180635,134.54725604869535,25576000
2021-08-02,134.367431640625,134.8476853716803,133.3107609250977,134.62898048624183,21634000
2021-08-03,135.14010620117188,135.24172755796863,132.83795068538504,134.64688381400205,20762000
2021-08-04,134.63742065429688,135.15952999689696,134.00122294773328,134.86061057740247,19676000
2021-08-05,135.7593536376953,135.85750855812594,134.3589280063779,135.1904169466429,17870000
2021-08-06,135.2482147216797,135.97957231042835,134.72163543333963,135.55063102381257,20488000
2021-08-09,136.41847229003906,136.68850476469765,134.85065410304122,135.45148814200485,17760000
2021-08-10,136.3128662109375,137.27487874765453,135.871959635437,136.8459222607176,19414000
2021-08-11,135.78677368164062,137.18519250849718,135.77929347351906,136.68601024578308,15352000
2021-08-12,136.69847106933594,136.80409100682985,134.93636501556526,135.4843663149795,16506000
2021-08-13,137.2300262451172,137.358573315832,136.53804618875844,136.75425764856152,15948000
2021-08-16,137.80992126464844,137.86273882965997,134.81029711193796,137.02825475056147,22384000
2021-08-17,136.1678924560547,137.7661028735175,135.59048725024795,137.25246188470885,21716000
2021-08-18,134.9597625732422,136.60928520906825,134.83272067135763,136.00696124700988,19258000
2021-08-19,135.18992614746094,135.8599977332164,133.76509850399083,133.94992958578757,21782000
2021-08-20,136.93310546875,137.0571522442763,134.7614735004852,135.5087644810794,31194000
2021-08-23,139.5356903076172,140.36567418925966,137.11047591549757,137.47116792714942,28454000
2021-08-24,140.7512664794922,141.5668067613832,139.83159623375502,140.10360516690898,19268000
2021-08-25,141.56581115722656,141.6759161710867,140.86536264941796,141.11345621696415,15848000
2021-08-26,140.92962646484375,141.9030873487792,140.8464167531898,141.2380025988611,20610000
2021-08-27,143.48385620117188,143.99051865072698,140.98590770006297,141.1408483459269,28780000
2021-08-30,144.0682373046875,145.44325759375565,143.64227596635465,143.87841943307077,24434000
2021-08-31,144.1748504638672,144.6471374136657,143.75986616388167,144.6227355158281,22448000
2021-09-01,144.69097900390625,145.7257258564105,144.36017746381918,144.47625751522853,21936000
2021-09-02,142.7694549560547,144.99388942023097,142.6678183896574,144.69148832739003,32342000
2021-09-03,143.22032165527344,143.63431772651685,141.88615355979695,142.5637053377978,19850000
2021-09-07,143.7593536376953,144.0428261305215,143.10024398314985,143.31496546430748,20124000
2021-09-08,143.17198181152344,143.87842053577396,142.48348342289364,143.57951629992405,18344000
2021-09-09,143.0225372314453,143.7892585645254,142.66035528425843,143.32095496544682,15314000
2021-09-10,140.36715698242188,144.1957764935622,140.22965495774272,143.69159226728954,36840000
2021-09-13,141.8184051513672,142.43366746913202,140.73981083958526,141.43677770651655,22094000
2021-09-14,142.02963256835938,142.84518811573292,141.23800760581798,142.47900759751042,19674000
2021-09-15,143.90782165527344,143.928741910643,140.83695318139684,142.25580564640651,27408000
2021-09-16,143.09127807617188,143.7787882133272,141.88714709734165,143.43054806092687,26190000
2021-09-17,140.29144287109375,142.9318651671126,139.9626329845503,142.51388572470947,53384000
2021-09-20,138.2184295654297,138.4979186835155,135.8295980791719,137.66244645281046,46518000
2021-09-21,138.53082275390625,139.50578881343628,137.77854492045785,139.24472651193784,25332000
2021-09-22,139.77679443359375,140.3781149795771,138.0510557030059,138.80084013439108,25056000
2021-09-23,140.70594787597656,141.18471163689526,139.8943908485368,140.47827282612718,20952000
2021-09-24,141.70132446289062,141.8164162845254,139.73445540328063,140.03088145961,22984000
2021-09-27,140.56243896484375,141.42580992504531,139.5615659889685,140.29590337917637,21882000
2021-09-28,135.33938598632812,138.59408220929217,134.871082402692,138.15417908972435,45772000
2021-09-29,133.8682098388672,136.6556057586618,133.38147942996824,136.4852181878325,30848000
2021-09-30,133.1931610107422,135.05292011764217,133.0735993124789,133.77655641839215,37996000
2021-10-01,136.0498046875,136.41598518000123,133.5887251341205,133.96186890939381,35360000
2021-10-04,133.1767120361328,135.46939554403545,130.5766406639165,135.46939554403545,51202000
2021-10-05,135.53167724609375,136.72884494534537,133.55684162099922,133.55684162099922,32404000
2021-10-06,137.068115234375,137.2524445785351,134.06400607552172,134.2632806312712,24364000
2021-10-07,138.7221221923828,139.5361725075919,138.1501903850964,138.39031721172944,25110000
2021-10-08,139.28060913085938,139.824125312018,138.71465232525279,139.07285091061453,26526000
2021-10-11,138.41224670410156,140.20375649731594,138.35743745715638,138.78888733505104,17954000
2021-10-12,135.95614624023438,139.00309929245716,135.26962435212994,138.97618878992267,36332000
2021-10-13,137.08506774902344,137.50155724336093,136.0259036757584,136.90621170713885,19654000
2021-10-14,140.6411590576172,140.82697835916224,138.32355663005825,138.97021448905156,31894000
2021-10-15,140.8573760986328,141.2061179827892,140.2465988856145,141.10299145910653,30274000
2021-10-18,142.2622833251953,142.28022366058383,140.5599583482601,140.56693683465275,20396000
2021-10-19,142.71961975097656,143.14358939003492,142.08492719728906,142.86957358264954,20164000
2021-10-20,141.25692749023438,143.0275169927179,140.86584337602682,142.8202605045603,23288000
2021-10-21,141.37351989746094,141.64254893456277,139.99252444523884,141.25693811410423,26292000
2021-10-22,137.06961059570312,140.0752098330497,135.56456843501937,138.6473871358995,50588000
2021-10-25,136.9505615234375,137.50155794019958,134.93485817821207,137.05318633547756,34412000
2021-10-26,138.80531311035156,139.57700596995255,137.8049417965224,138.76047747698152,49236000
2021-10-27,145.68936157226562,148.11307052372035,138.9014683036961,138.9014683036961,85782000
2021-10-28,145.32220458984375,146.62648230748036,144.10461823040788,146.6030686470754,36206000
2021-10-29,147.51126098632812,147.7065521801531,144.1270295572053,144.5539791333044,43320000
2021-11-01,142.9786834716797,147.51126369246262,142.70816449344113,147.51126369246262,46924000
2021-11-02,144.90719604492188,146.07944497081846,143.81415826390838,144.0572802251033,33482000
2021-11-03,146.06849670410156,146.1392394014242,144.06874219700023,145.37350633659418,27494000
2021-11-04,147.73196411132812,149.1926723694144,145.779538603533,146.59308724096792,38412000
2021-11-05,148.31434631347656,149.78451116049047,147.66171341286932,148.63068915378162,38354000
2021-11-08,148.49270629882812,150.07098453053808,147.89436569436276,149.2838294941872,23052000
2021-11-09,148.380615234375,149.2933070445316,146.7131521856348,148.69397817850614,19530000
2021-11-10,145.3665313720703,147.53518355143552,144.015441603622,146.96723507406335,29970000
2021-11-11,145.239990234375,147.00261306187474,145.07458945686048,145.96038595465913,16518000
2021-11-12,148.14096069335938,148.31235170447883,144.88576297964158,146.08591055666164,22360000
2021-11-15,147.91578674316406,149.00932621836836,147.04195556476728,148.36266834084333,23508000
2021-11-16,147.3418731689453,148.2251610010941,146.78040149844156,147.6143838167143,18904000
2021-11-17,147.51223754882812,148.0228833104321,146.7081609003049,147.49280725486528,19594000
2021-11-18,149.2972869873047,150.03661127521585,147.3503500304683,147.70605520115123,35608000
2021-11-19,148.38858032226562,150.42122041688864,148.36118330033113,149.43378735163904,33682000
2021-11-22,145.7735595703125,149.28831460223827,145.61962236738555,148.7931157245559,30594000
2021-11-23,145.2554473876953,146.13028209755623,143.59447621265684,145.62510956137248,27218000
2021-11-24,145.5922088623047,145.7212424454902,143.85152499609853,144.9480443888763,18040000
2021-11-26,141.66943359375,144.0353533712897,141.33016360155258,143.82710864428418,30470000
2021-11-29,145.00485229492188,145.76908022052288,143.37375643405665,143.479878085286,32596000
2021-11-30,141.38497924804688,145.47265451139563,141.0900431567815,144.48473491377032,42068000
2021-12-01,140.54202270507812,145.42332966480942,140.4030307121987,143.47987435242788,34020000
2021-12-02,142.44961547851562,143.34486867005117,139.70804321343067,140.7398102016987,29194000
2021-12-03,141.4886016845703,143.8784371086145,139.7942432157484,143.16203989520787,41230000
2021-12-06,142.637939453125,143.33291469033858,139.64378830097576,142.5238510678337,30618000
2021-12-07,146.73757934570312,146.99813994463742,144.7029474077652,145.07061790397407,32240000
2021-12-08,147.6512451171875,147.8570116479077,145.87718915415954,147.06337983886414,24270000
2021-12-09,147.10523986816406,148.56146305841114,146.5836321880292,147.05791082804922,23270000
2021-12-10,147.4669189453125,148.43939159848796,146.17410486346097,148.16289756802271,24458000
2021-12-13,145.29978942871094,147.43554088789833,144.99189980486057,147.2477146860788,27070000
2021-12-14,143.38719177246094,143.9581200953131,140.70491419729726,143.44797605651408,38446000
2021-12-15,145.9120635986328,146.19105104950341,141.1662666060249,142.89101719943707,36370000
2021-12-16,143.92327880859375,147.1435996261895,143.0882929753909,146.6389288369081,33650000
2021-12-17,141.21310424804688,143.31498194691542,140.78963628072304,141.9852989150622,50416000
2021-12-20,141.0955047607422,141.26241069099567,138.81776638026082,139.49431465775666,27192000
2021-12-21,142.95428466796875,143.3493521552757,139.99501101530763,141.54040373475354,28756000
2021-12-22,145.8861541748047,145.9708538512981,142.55075662879798,142.55075662879798,26322000
2021-12-23,146.38583374023438,147.70803641079925,145.92300351120997,145.97083426807583,26384000
2021-12-27,147.37225341796875,147.80817316067498,146.6379159607732,146.72410558903078,15976000
2021-12-28,146.15716552734375,147.7633425242842,145.52695801248083,147.7005665519586,18200000
2021-12-29,146.1252899169922,146.88454625540766,145.12143685112068,146.11482978841875,17788000
2021-12-30,145.67242431640625,146.76795547689343,145.4671747130842,146.1641415512686,15688000
2021-12-31,144.32879638671875,146.16862338260864,144.32879638671875,145.5224672383806,18136000
2022-01-03,144.46778869628906,145.32418124624684,143.19390325785943,144.5310511838685,28646000
2022-01-04,143.8779296875,145.9558918037321,143.1973980446636,144.87082080849984,28400000
2022-01-05,137.27734375,143.97755707497902,137.1906676070589,143.8983459357538,54618000
2022-01-06,137.2499542236328,139.43453978877605,136.06525350814445,136.50366666273266,37348000
2022-01-07,136.5220947265625,137.9484274517106,135.27610798857754,137.64651288308093,29760000
2022-01-10,138.1686248779297,138.3180922049629,132.68351909922848,134.59010553112222,44408000
2022-01-11,139.23126220703125,139.70953938055476,136.19876781842893,137.50851871383009,28730000
2022-01-12,140.91964721679688,142.0928995430795,140.18631320047015,140.64015807589763,26108000
2022-01-13,138.08642578125,142.33402820196187,137.90905972125992,141.02874718461857,31436000
2022-01-14,138.97669982910156,140.2336484368428,136.50367009139453,136.5838694757939,29662000
2022-01-18,135.50677490234375,136.63617983713343,134.9493017820108,135.68313752257072,34872000
2022-01-19,134.6284637451172,137.4611972177534,134.5278306220574,136.0303793886013,28648000
2022-01-20,132.8260040283203,137.12891803083016,132.48424059326524,135.7578809274716,29908000
2022-01-21,129.88067626953125,134.37836419221756,129.61663404867633,132.11458262034927,55652000
2022-01-24,130.33154296875,130.72910386725636,124.05031186821009,125.52297023951006,76622000
2022-01-25,126.47650909423828,128.93161364102292,126.04358446552224,128.27499735076876,46960000
2022-01-26,128.76620483398438,132.51959651517802,126.68275423803644,130.64539407702827,49130000
2022-01-27,128.53904724121094,132.17336419567403,128.46679937611773,130.82973938977935,31950000
2022-01-28,132.86932373046875,132.8748122564678,128.0209027774419,129.19065818420185,34362000
2022-01-31,134.81478881835938,134.98368644603235,131.73197000766598,133.67741708115645,39986000
2022-02-01,137.14683532714844,137.29529921578177,133.88316879097903,137.0975146046982,68644000
2022-02-02,147.46542358398438,150.99910716965758,144.9968790105651,150.7036845748489,123200000
2022-02-03,142.57315063476562,149.1343720910172,142.1501844290377,145.179212364594,71518000
2022-02-04,142.7754364013672,144.35172307352371,140.00747043707253,142.92639369575792,57998000
2022-02-07,138.69821166992188,143.72897072865783,138.3982887830749,143.72897072865783,54974000
2022-02-08,138.89549255371094,139.49431967260577,136.51911265261106,138.52434045716993,54284000
2022-02-09,141.08056640625,142.0097085643231,139.68064246811812,140.4543422583785,40144000
2022-02-10,138.1193084716797,140.97346402511863,137.45870878065372,139.1989062498169,39330000
2022-02-11,133.7974853515625,138.65387386368178,132.9181655614825,138.09939580945573,39958000
2022-02-14,135.03646850585938,135.80767481385527,132.77516542033035,132.77516542033035,34302000
2022-02-15,136.1150665283203,137.60964843169666,135.3309066687984,137.07358211363078,26680000
2022-02-16,137.24049377441406,137.587228762947,134.4366474247579,136.15292936440233,25022000
2022-02-17,132.0602569580078,136.61822682546799,131.99997439556665,135.75087249893465,38950000
2022-02-18,129.93199157714844,133.58575399879967,129.72624024100966,132.984919959572,45620000
2022-02-22,129.34461975097656,131.70305930479284,127.76035128771632,129.36902164807677,44990000
2022-02-23,127.12715148925781,131.5740286454837,127.06686891969255,131.17298611837336,32786000
2022-02-24,132.2117156982422,132.51960530986702,124.5021680331408,124.5021680331408,54456000
2022-02-25,133.9738311767578,134.78289467970927,131.2756047745065,133.069607879294,36406000
2022-02-28,134.56918334960938,135.26116339490252,132.11357705186626,132.5694288271008,38864000
2022-03-01,133.57725524902344,135.7633306405831,132.7373131052674,134.39130553688372,26496000
2022-03-02,134.08543395996094,134.77393236956735,132.5908519204788,134.14173316744186,23520000
2022-03-03,133.4158477783203,135.946666365466,132.5449966008486,135.51871338193845,24604000
2022-03-04,131.43003845214844,133.36802027083928,129.86670554907704,132.4473618386773,30430000
2022-03-07,125.92202758789062,131.25917883811977,125.83882547699304,131.01307695249176,45112000
2022-03-08,126.64540100097656,130.77592772343985,125.22056582723054,125.79398761968977,40428000
2022-03-09,132.93807983398438,133.25244619528777,129.43129167805884,130.7759197846523,37026000
2022-03-10,131.951171875,132.79062756683956,130.43965294916046,130.7918764796572,27102000
2022-03-11,129.4014129638672,133.31223910249224,129.16327780099954,133.00634115976752,31526000
2022-03-14,125.49606323242188,129.9379611837264,124.82251004302125,129.77953889503618,38812000
2022-03-15,128.7313232421875,129.3854612705248,125.26638337315536,126.51734918467436,30920000
2022-03-16,132.79910278320312,132.8514034266474,128.26951737639257,130.2608035608324,35576000
2022-03-17,133.3555908203125,133.59621939679315,131.70755797740026,132.66808060179636,28264000
2022-03-18,135.63381958007812,135.75189131600223,131.7807827668189,132.94257155134628,44566000
2022-03-21,135.60989379882812,136.55496933499083,133.60814776446165,135.67166632345658,26832000
2022-03-22,139.36280822753906,140.54054578335717,135.60991764590503,135.60991764590503,35496000
2022-03-23,137.77606201171875,139.08432313178503,137.33716229162818,138.20152168218482,25154000
2022-03-24,141.06065368652344,141.10748100525953,137.2529541189332,138.69721201374352,26396000
2022-03-25,141.16127014160156,141.52196208267605,139.23276022482557,141.4033886360212,24126000
2022-03-28,140.944580078125,141.48960144139332,139.3065056605493,140.39157678516145,35050000
2022-03-29,141.9907684326172,143.27412583152392,141.52545996341837,142.1322690345722,34318000
2022-03-30,141.4258270263672,142.2050001415122,141.08854871095858,141.94544301021685,19884000
2022-03-31,138.565185546875,141.59469993435332,138.52234159497291,141.53989069141255,37524000
2022-04-01,139.64427185058594,139.96360982137884,137.8079264817857,138.99612402003592,25942000
2022-04-04,142.455078125,143.1929124115474,139.80369425800453,139.85152501558701,25942000
2022-04-05,140.08319091796875,142.47401435286852,139.87544790884033,142.35296269605644,21418000
2022-04-06,136.05479431152344,138.85713559349279,135.0275124335932,138.24883657715384,32468000
2022-04-07,135.39767456054688,136.66906661978643,133.74266339149753,135.51872621528315,26234000
2022-04-08,132.8060760498047,135.17996263287105,132.4852329000314,135.09377300030388,25142000
2022-04-11,128.3582000732422,131.6153898754899,128.20376113873866,131.3473642822272,36884000
2022-04-12,127.2531967163086,131.12466797846432,126.33104064844365,131.12466797846432,32710000
2022-04-13,129.42481994628906,129.86323309844258,127.27959670604396,127.53766387363494,27928000
2022-04-14,126.27226257324219,130.00822369017715,126.14372310060227,130.00822369017715,31598000
2022-04-18,127.21533966064453,127.74939916513134,125.72623848269868,126.54128471341241,20808000
2022-04-19,129.53941345214844,129.86223307709335,126.54077748702284,127.2302793384276,26490000
2022-04-20,127.5775146484375,130.92439074544885,127.03947181038677,130.4192182517386,31696000
2022-04-21,124.3636703491211,129.62858119551973,124.07670859496463,128.78315046816914,36446000
2022-04-22,119.20337677001953,124.94905064704274,118.49544807010321,124.54850223814198,56884000
2022-04-25,122.62945556640625,122.83221937115556,118.08294114702065,118.67080642459999,46128000
2022-04-26,118.22144317626953,122.06750164191153,118.08294529869256,121.85278013963156,73054000
2022-04-27,113.88166809082031,116.81851618495187,112.3292969578043,114.05603142600462,91820000
2022-04-28,118.09439849853516,119.2173267053612,113.70281707255184,115.99451256530844,48884000
2022-04-29,113.69733428955078,117.49407188234726,113.40340165212348,116.31285280617493,42676000
2022-05-02,116.16189575195312,116.32380727233824,112.19328087180577,112.99537347006839,35534000
2022-05-03,116.91019439697266,118.01419405260391,115.6153886202329,116.00995439354028,24968000
2022-05-04,121.81938934326172,122.4107438309078,114.70019314800211,116.6087787152119,49916000
2022-05-05,116.08468627929688,120.60181207679797,114.59010423610528,119.76982898497513,45840000
2022-05-06,115.32841491699219,117.14682747025037,113.60367219564213,114.76844842145442,39710000
2022-05-09,112.1046142578125,114.66134780600098,111.5959601189541,112.84094342445081,40802000
2022-05-10,113.98180389404297,115.83010701093993,112.49270279278159,115.09028860402236,39900000
2022-05-11,113.1921615600586,115.94418607674837,112.82748625085101,112.82748625085101,37534000
2022-05-12,112.43640899658203,113.88216439344116,109.42781470720205,110.97520666665027,53836000
2022-05-13,115.63133239746094,117.44924346052596,113.19466975696596,114.11931168053762,35038000
2022-05-16,114.03162384033203,115.75039161219318,113.47813407934586,114.54027796596183,25990000
2022-05-17,116.05229949951172,116.47775912305292,114.45509269235413,116.41847239485114,23054000
2022-05-18,111.49531555175781,114.9831752277332,111.15255632058106,114.58461851253956,35126000
2022-05-19,109.98529815673828,112.60181255661593,109.60268248023327,111.02901521850386,34144000
2022-05-20,108.5146255493164,111.77829961435592,105.41436818384658,111.54663361819895,48962000
2022-05-23,111.0853042602539,111.74242226758814,108.3482247834865,109.19167142132176,37184000
2022-05-24,105.58724212646484,106.0739801788429,101.51649616200835,105.38995924003346,76780000
2022-05-25,105.42283630371094,106.11532568367646,103.48137263713303,104.60629253885429,40258000
2022-05-26,107.40315246582031,108.25705159539172,104.84492151470927,105.29529233882666,37948000
2022-05-27,111.91082000732422,111.9123175693701,108.74429727876395,109.08755826445858,37914000
2022-05-31,113.3510971069336,115.31697028183717,111.67367565423847,112.33926213439878,50012000
2022-06-01,113.48062133789062,116.6785318128768,112.84094193937695,114.44014803749835,36606000
2022-06-02,117.19764709472656,117.4736470011331,112.53854183575937,113.58823393580184,37992000
2022-06-03,114.12728118896484,115.9013523792528,113.1084753451537,115.64328520481222,26136000
2022-06-06,116.39855194091797,118.91592321574373,115.74442143076863,116.28296600259421,33542000
2022-06-07,116.72635650634766,117.26590451207755,114.6364365844124,115.06338617573641,31590000
2022-06-08,116.77069854736328,118.14222964489704,116.17884229636873,116.33975798951197,26108000
2022-06-09,114.42071533203125,117.87170609912248,114.36142860478937,115.90732298592225,25798000
2022-06-10,110.7599868774414,112.86983883225176,109.96735849781228,112.03885158121808,41452000
2022-06-13,106.00821685791016,108.39854624273096,105.73570618726906,106.4007909500003,47252000
2022-06-14,106.33003997802734,107.53467266532452,105.41784995654064,106.15019572048266,33706000
2022-06-15,109.36803436279297,111.0210386532561,107.28060028133893,108.1529339029106,39698000
2022-06-16,105.6505126953125,108.25606531080727,104.75824701640175,106.83372350162647,51684000
2022-06-17,106.75650024414062,108.30687974760191,104.66657274002395,105.65050894263936,51376000
2022-06-21,111.14111328125,112.08320145579313,108.20774646282973,108.53605463994865,47416000
2022-06-22,111.08480834960938,112.9370871645517,109.98379628304926,110.15717138024287,30774000
2022-06-23,111.83657836914062,112.33527408903892,110.10137542228378,111.82611824123934,28362000
2022-06-24,117.54887390136719,117.6525021464967,112.54451603583252,112.58686587104499,41164000
2022-06-27,115.41510772705078,118.15118363498702,114.76346307255493,117.84579504506773,36420000
2022-06-28,111.6029281616211,116.8857792626597,111.4440041546244,115.38421878212637,35792000
2022-06-29,111.29803466796875,112.75176440222242,110.47202664013756,111.14907666812196,24716000
2022-06-30,108.56941986083984,110.48746974453034,106.36441583663574,109.60267674032723,43170000
2022-07-01,108.34474182128906,108.85538762409979,106.34498736005415,107.54314330676283,35476000
2022-07-05,112.85388946533203,112.96747611105182,105.34959181651884,106.71365021128989,39342000
2022-07-06,114.15816497802734,115.17199159638265,111.07334704915517,112.89275555794994,37432000
2022-07-07,118.35395812988281,118.75899163325042,114.41873011949815,114.66433788700071,40936000
2022-07-08,118.92240142822266,119.25270126914829,116.47925446446547,116.82649880125815,38238000
2022-07-11,115.25868225097656,117.57179981633301,114.91393131202979,117.57179981633301,31196000
2022-07-12,113.6086654663086,116.55149645869649,113.2793614612062,115.79523524205695,29960000
2022-07-13,110.9512939453125,113.78352568085529,110.79984254030295,111.29753482991673,43722000
2022-07-14,109.96885681152344,110.69173833815985,107.98156166532056,109.81242620090937,37004000
2022-07-15,111.37376403808594,112.73184754783156,110.49943867439903,111.59596575421486,46770000
2022-07-18,108.63618469238281,113.26939050950665,107.97857255160505,112.23314605564603,43164600
2022-07-19,113.39891052246094,113.60815108041503,109.16426172131027,110.44960309317406,36530900
2022-07-20,113.48860168457031,114.98318377628502,112.0737324621881,112.76123505512727,35600400
2022-07-21,113.927001953125,114.13625012583103,110.70867292263873,113.86722110483029,32676200
2022-07-22,107.51026916503906,111.93422681638599,106.11532441295205,110.59907051490777,48901200
2022-07-25,107.12167358398438,109.47314981890939,105.91604504349233,108.01842428405527,34690900
2022-07-26,104.64066314697266,106.81278926472051,103.69409759917966,106.21495799233351,47991000
2022-07-27,112.6516342163086,113.49857016821542,107.61987895893499,108.86536406251822,59858500
2022-07-28,113.80744171142578,113.92700340954364,111.05740862715433,111.96412538101411,32816600
2022-07-29,115.89985656738281,116.28844729503248,112.65162942682441,112.67156144466348,37223400
2022-08-01,114.44512176513672,116.29840398003972,113.92699576858487,114.88353490039799,26034300
2022-08-02,114.71414947509766,115.92974407016645,113.30924632635427,113.58823375436927,20236000
2022-08-03,117.65350341796875,118.19155388015966,115.06289599403433,115.29206098977046,28499000
2022-08-04,117.76309967041016,118.35096493912133,116.4677922349789,117.0556651055272,21602900
2022-08-05,117.04570007324219,117.68338778780269,115.58100849072952,115.81018107651087,19159500
2022-08-08,116.8763198852539,119.71602427287345,116.45783113194356,117.96237919767223,19138300
2022-08-09,116.20872497558594,116.89623510020367,115.29204987732021,116.71688496342674,19086500
2022-08-10,119.26764678955078,120.48324142934477,117.9823128920244,118.35097160610655,30930400
2022-08-11,118.4107437133789,121.05117337671156,118.13175629569915,120.84193281345173,24293700
2022-08-12,121.24049377441406,121.24049377441406,119.02851116837523,119.82562461982901,19096300
2022-08-15,121.6390609741211,121.85826757223798,120.17436925201093,120.69248771878345,19494800
2022-08-16,121.26042175292969,121.98778836889163,120.20425286028116,121.08107160117451,19041200
2022-08-17,119.11819458007812,120.85190766091917,118.94880283395145,119.68613546527627,22847000
2022-08-18,119.73594665527344,120.38360038927006,118.29118706560489,118.99862164827164,17987700
2022-08-19,116.78663635253906,118.7196315015644,116.33826479410028,118.62995262877435,21809500
2022-08-22,113.8273696899414,115.21234848329696,113.43877895522078,114.78390131401044,21456600
2022-08-23,113.44874572753906,114.59459352304536,113.02029855537019,113.07012099937215,15870400
2022-08-24,113.27935028076172,114.36540951475897,112.46231245276111,113.09003413464454,17734600
2022-08-25,116.2286605834961,116.2984074387404,113.6978341760305,113.82736187810217,16956800
2022-08-26,109.94145202636719,114.70419321459043,109.7919999027321,114.30563648060958,37245700
2022-08-29,109.02477264404297,110.54924506087626,108.40701695200379,109.59271349740904,21191200
2022-08-30,108.5465087890625,110.10087160262944,107.41062710194252,109.77206174534813,27513300
2022-08-31,107.82910919189453,110.44960686158903,107.73943032009058,110.25033230488235,28627000
2022-09-01,109.3436279296875,110.05106256823535,106.97222698912553,107.88890221638431,28360900
2022-09-02,107.46044158935547,110.34000222911857,106.87257633295454,110.19054251249287,24160700
2022-09-06,106.42420196533203,107.6397965658172,105.39792352120229,106.91243756837103,25068300
2022-09-07,109.0546646118164,109.58275664245654,106.51387974839608,106.67329787697939,23167000
2022-09-08,107.988525390625,109.20411992962872,106.77293845345821,107.64975712989907,24238300
2022-09-09,110.25033569335938,110.58910397053998,108.6262183591191,108.67604080074555,23197700
2022-09-12,110.4595718383789,111.21682883009889,109.53293071485643,110.58909953884488,22966800
2022-09-13,103.94319915771484,107.90882686849261,103.71402656562675,107.41063285266732,38172900
2022-09-14,104.62074279785156,104.89973022901853,103.28558649102759,104.1922956423202,26395100
2022-09-15,102.53829956054688,104.88976840352447,101.98031707412176,103.65424932972181,34188300
2022-09-16,102.4286880493164,102.75749030745364,100.57540578634492,101.7013214743888,42797200
2022-09-19,102.69771575927734,102.95677878016083,101.18320927177487,101.38248384055446,23036800
2022-09-20,100.77468872070312,102.00024939074886,100.15692538107649,101.71129593843177,26517100
2022-09-21,98.92139434814453,102.50838944373183,98.91142834014147,101.30276093781193,31487300
2022-09-22,99.77828979492188,100.8743150315285,98.4331675680939,98.46305799062655,34298600
2022-09-23,98.38335418701172,99.30003697281705,97.11794470499507,99.27013894569497,31625400
2022-09-26,97.8154067993164,99.51922934382027,97.44674810952839,97.74565994434269,27072700
2022-09-27,97.14783477783203,99.63880490034055,96.52011304362141,99.0708640164821,30072800
2022-09-28,99.68862915039062,100.33627531251146,96.75924580063729,97.29729626907184,32466300
2022-09-29,97.06812286376953,98.28371751179849,95.61339721014333,98.28371751179849,31047200
2022-09-30,95.30451202392578,98.54277296628402,95.21483315256677,96.69945671946289,32941500
2022-10-03,98.2837142944336,98.93136803181929,96.17136894226655,96.41050754187312,27982000
2022-10-04,101.27288055419922,101.47215512299265,100.01742948565563,100.07721793776368,28850800
2022-10-05,101.06362915039062,101.56182312084472,98.44313160246331,99.46940996530486,22176900
2022-10-06,101.05367279052734,102.55822085345912,100.22666889617487,100.31634777237375,22324000
2022-10-07,98.32357025146484,100.16688657060563,97.94494554001106,99.48934241201019,27502800
2022-10-10,97.50653839111328,98.74205748527271,96.65961004109947,98.6424201973601,18225100
2022-10-11,96.82898712158203,98.89150999833014,95.96212681616952,97.0780841240967,26507100
2022-10-12,97.2076187133789,98.39332296191309,96.3905807913383,96.94856328573908,21876400
2022-10-13,98.70218658447266,99.41958711524546,94.0390907362861,94.80631370463239,34574500
2022-10-14,96.21121978759766,100.32630696190093,96.02191124286752,99.62883082298053,25410700
2022-10-17,99.60891723632812,100.56544887766599,98.47303543712455,98.5029258631292,28419200
2022-10-18,100.40602111816406,103.09627343207029,99.60891523399145,102.7574975398728,24060700
2022-10-19,99.2701416015625,100.65512042360851,98.56270697749738,99.64877393686338,23811100
2022-10-20,99.60891723632812,101.9504276960254,99.03101032744553,99.63880766233278,25323200
2022-10-21,100.76470947265625,100.94405960563981,97.36703055570356,97.49655825103298,32458700
2022-10-24,102.14969635009766,102.37886893924696,99.61887747177592,101.43230336205211,27176400
2022-10-25,104.10262298583984,104.44139126151721,102.34897795372457,102.5283281002118,40611400
2022-10-26,94.58711242675781,97.9549011045563,94.3479814370857,96.08169441542343,88114100
2022-10-27,91.88690185546875,95.08530639815777,91.46842072319252,94.17858967638885,60710900
2022-10-28,95.94220733642578,96.20127036088272,91.79722935246538,91.93672307290274,43697300
2022-10-31,94.16863250732422,95.68313893053819,93.6405480808209,95.07534163917173,31675000
2022-11-01,90.14322662353516,95.68314165822098,90.0435893405344,95.10523477424425,47161400
2022-11-02,86.65586853027344,90.8506612410477,86.56618965426108,90.61153024141045,57038300
2022-11-03,83.12865447998047,86.2074898746506,83.03897560342638,86.00821530738868,61288000
2022-11-04,86.26728057861328,86.32706142998515,83.40764409253529,85.09154235666125,51124900
2022-11-07,88.17037200927734,88.57889473824162,86.53629629709458,86.96474344125453,34078900
2022-11-08,88.57889556884766,89.99376471795951,87.27362210709543,88.57889556884766,30429000
2022-11-09,87.00459289550781,89.11693802318032,86.96473646647588,88.13050850877252,31769100
2022-11-10,93.60069274902344,94.04906431593591,91.27910684498599,91.9167945677153,51620100
2022-11-11,96.06177520751953,96.57989364686715,93.58076349852587,94.34798655132452,33090500
2022-11-14,95.35432434082031,96.44039116572839,94.16862784252442,94.7465270795621,30179500
2022-11-15,98.08444213867188,99.77829878404354,96.36068746623714,97.90509198548119,41640800
2022-11-16,98.49295806884766,99.28010554733504,97.28732943020373,97.54639245394533,29105200
2022-11-17,98.00473022460938,98.92140541569442,96.44040127392641,96.61975142886372,26052600
2022-11-18,97.07807922363281,98.54277074077606,96.02191041887346,98.41323544083149,28342300
2022-11-21,95.25469207763672,98.04458154174411,95.01556108414778,96.9385902443316,21647400
2022-11-22,96.69945526123047,96.86883939122015,93.71029135951498,95.60342241579859,23438500
2022-11-23,98.1043701171875,98.40328958397201,96.73931570156702,96.73931570156702,18868100
2022-11-25,97.10797882080078,98.28371702847541,97.04819797015486,97.8851602865482,9701400
2022-11-28,95.70307922363281,97.22755178724331,95.2646660308107,96.6895013056447,26237500
2022-11-29,94.84617614746094,95.77281729148433,93.77007528307819,95.3842265796523,20061700
2022-11-30,100.6252212524414,100.67504369281035,94.07895244459411,94.47750916203434,43647500
2022-12-01,100.6252212524414,101.88067225173512,99.8878962663711,100.65511167592793,28687100
2022-12-02,100.07721710205078,100.40601937763044,98.542778609275,98.69223833554074,21480700
2022-12-05,99.12068176269531,101.01381288462309,98.64241217702863,99.04096889811133,24405100
2022-12-06,96.62970733642578,99.41958905266468,96.07172491170854,98.94132709072056,24910700
2022-12-07,94.59708404541016,96.53007169614035,94.37787745777824,96.061775697462,31045400
2022-12-08,93.37152099609375,95.23476934121265,93.1124579808419,95.03548717492762,32213300
2022-12-09,92.49470520019531,93.91954042646346,92.41499233115599,93.4313048049758,28225400
2022-12-12,92.97296142578125,93.2220584246516,91.27910487419773,92.37513014885984,29420000
2022-12-13,95.28458404541016,99.17049886129242,94.68675275108303,97.40689540275183,40593700
2022-12-14,94.72660827636719,96.52010974399589,93.26191667810996,94.8561359816481,28733600
2022-12-15,90.53181457519531,93.30177200768405,89.6848862928774,92.79361199755841,40107000
2022-12-16,89.9339828491211,91.00011770315805,89.19665025710515,90.43217684823813,58011800
2022-12-19,88.12055969238281,90.23289744808845,87.8913871009693,89.93398560057557,29493000
2022-12-20,88.69845581054688,88.85788153834193,87.12416855867481,87.79174668968311,23453800
2022-12-21,89.25643920898438,89.89412692329897,88.00098819562373,88.75824520706126,24745600
2022-12-22,87.44300842285156,88.22018980580087,86.00820734550712,87.84156512231799,27658300
2022-12-23,88.90769958496094,89.22654342295682,86.75549797711113,86.79535440709022,23003000
2022-12-27,87.07434844970703,88.61875292126555,86.69572373881171,88.47925920662847,20097300
2022-12-28,85.70929718017578,87.72200530910052,85.62959191314083,86.66583640297101,19523200
2022-12-29,88.1305160522461,88.52907277484294,86.29716577087261,86.30713177944276,23333500
2022-12-30,87.91131591796875,87.9810627733662,86.25730820163317,86.66583092741621,23986300
2023-01-03,88.79810333251953,90.72113252068196,88.20026443734325,89.26639931771285,28131200
2023-01-04,87.76185607910156,90.32257291211343,86.95477663707446,90.02365347405346,34854800
2023-01-05,85.8886489868164,87.25370338563282,85.58973712554938,87.15406609854381,27194400
2023-01-06,87.02452087402344,87.37326274187966,84.55348298751184,86.47651205651783,41381500
2023-01-09,87.70206451416016,89.72473844973383,87.54264639420649,88.04084037204656,29003900
2023-01-10,88.10062408447266,88.34972108150079,85.51998284414289,85.66944256272718,30467800
2023-01-11,91.1894302368164,91.26914310459799,88.68850172532865,88.8578858679864,26862000
2023-01-12,90.80083465576172,91.5381672405778,89.42582196828673,91.14957653320798,30258100
2023-01-13,91.78726959228516,91.85701645147581,89.80445190616697,90.52185251603511,26329200
2023-01-17,90.96026611328125,91.91679773028649,89.7247470582125,91.72748156795588,32602400
2023-01-18,90.79087829589844,92.46481045839508,90.31260870582629,91.80719072227554,29116700
2023-01-19,92.71391296386719,93.27188785053708,90.30264805682003,90.39232693608494,37000400
2023-01-20,97.66595458984375,97.94494963302563,94.67679040086234,94.75650327034289,63191100
2023-01-23,99.4295654296875,99.67866244471271,97.14783585983596,97.59620744614631,40005100
2023-01-24,97.34710693359375,99.25021170889295,96.84891292144263,97.74566366368212,33078500
2023-01-25,94.87606811523438,95.81267528301453,93.42134252385841,95.2248024005236,42330000
2023-01-26,97.16776275634766,97.21758520135943,95.03549286145454,96.15145025391287,30114000
2023-01-27,99.0110855102539,99.95765113848242,96.95852091146214,96.95852091146214,33879800
2023-01-30,96.58985137939453,97.93497360648114,96.05180096819252,97.12790179059655,27226200
2023-01-31,98.48299407958984,98.52285051497041,96.47029350481617,96.52011594950133,29870700
2023-02-01,100.06725311279297,100.82451016647553,97.22754866378031,98.35346443427653,35531100
2023-02-02,107.35084533691406,107.46044862949765,105.22854154766723,105.4178577079184,69883800
2023-02-03,104.40153503417969,107.42058950445697,102.20948444110049,102.55821872611254,65309300
2023-02-06,102.5283203125,103.98304578936137,101.51200035898968,102.03012634363638,31999600
2023-02-07,107.25120544433594,107.7892558852478,102.74753495639422,102.84717223763629,49010200
2023-02-08,99.0110855102539,102.7674651991219,97.68588754926381,101.68140584887735,94743500
2023-02-09,94.66682434082031,99.66868866789683,93.29180405986752,99.63879824471734,119455000
2023-02-10,94.22840881347656,96.40053486436466,93.90956497122862,95.10522747919919,54980700
2023-02-13,94.26827239990234,94.85613769042568,93.50104935754783,94.39780010751662,50076100
2023-02-14,94.33802032470703,94.50740446777245,91.92676308229196,94.08892331366818,54726100
2023-02-15,96.58985137939453,96.76920151646188,93.8099280557692,94.1486963136537,50169000
2023-02-16,95.1650161743164,97.32717622276208,94.39779318819902,95.02552246808358,42462600
2023-02-17,94.00920867919922,95.2148372777522,92.87332693835303,94.50740269191552,34284100
2023-02-21,91.45845794677734,92.76372383007642,91.38871108893322,92.66408654770441,33629300
2023-02-22,91.31896209716797,91.7772996668387,90.28271766067176,91.36877693627122,30884000
2023-02-23,90.56170654296875,91.6079170048575,89.43579081686464,91.58798498742568,41206400
2023-02-24,88.80805969238281,89.5653167008038,88.26005085355271,89.11694514159397,36585100
2023-02-27,89.54539489746094,89.8343483380739,89.01730285657956,89.54539489746094,27502300
2023-02-28,89.73470306396484,90.90048283015722,88.99737805426645,89.00734406302703,30142000
2023-03-01,90.03362274169922,90.70120089545082,89.34611257037564,89.6549980280425,31111200
2023-03-02,91.66769409179688,91.94668150969538,89.26639541290174,89.33614986921337,32204400
2023-03-03,93.31173706054688,93.39144992442412,92.11606690789932,92.14596493323113,35160100
2023-03-06,94.78638458251953,95.62335442791783,93.66046891625142,93.68039333078706,32639300
2023-03-07,93.52098083496094,95.32444073148585,93.1921709615657,94.63693816201267,27835500
2023-03-08,93.9095687866211,95.61339135052926,93.66047178718708,93.78004108357678,34103300
2023-03-09,91.98654174804688,95.18494638161611,91.56806060387983,93.71029636831206,28813500
2023-03-10,90.30264282226562,92.45484457781508,90.07347783645488,91.8370812734991,35941000
2023-03-13,90.78091430664062,92.23563992279024,89.0970160980626,89.76459425581886,37335600
2023-03-14,93.63058471679688,94.01917544168379,92.10611224195785,92.22567394079233,36050200
2023-03-15,95.76285552978516,96.57989342190085,92.30538780034908,92.88329469038732,50622100
2023-03-16,99.9576416015625,100.82450187867342,95.15505185394973,95.85252039748471,65492000
2023-03-17,101.2529525756836,102.46853956549562,99.73843853952351,99.8978642704192,61028500
2023-03-20,100.85440063476562,101.38248509019449,99.50927827432959,99.75837528929321,32960400
2023-03-21,104.54103088378906,104.72038103429298,100.85439819234283,100.88428861712059,42110300
2023-03-22,102.99663543701172,106.20499857159132,102.95677900280211,103.8933786002966,43427400
2023-03-23,105.21857452392578,105.91605070653395,104.08269277704915,104.68052407511516,40797800
2023-03-24,105.05915832519531,105.10897316654567,103.46493136523353,104.61077914201698,30393300
2023-03-27,102.08992004394531,104.38161563005595,101.56183558673975,104.24212190935401,31120900
2023-03-28,100.66507720947266,102.07994632796543,99.37973579275614,102.0699879214083,32057900
2023-03-29,101.02377319335938,102.1197984131208,100.28644824215067,101.91055785677118,28779600
2023-03-30,100.52558135986328,100.79461036792142,99.4195901085952,100.54551337622746,33086200
2023-03-31,103.35533142089844,103.51474954923273,100.67504524662844,100.93410825723853,36863400
2023-04-03,103.9830551147461,104.15243925490958,101.56183190485585,102.0201694850945,25035400
2023-04-04,104.34175109863281,105.19864537464467,103.66420696415454,103.95316039228291,24420100
2023-04-05,104.09265899658203,105.71676875328583,103.28558712265107,105.3979248868827,28290500
2023-04-06,108.02838897705078,108.77568000362447,103.95316556101758,104.87980673804246,48711500
2023-04-10,106.0555419921875,107.20138211978893,104.74031012584882,106.59359242866749,27067400
2023-04-11,104.96947479248047,106.34449510437418,104.30189665365981,106.16514495942444,26311800
2023-04-12,104.26203918457031,106.36441846208496,103.96311974534717,106.1950343273825,24370300
2023-04-13,107.04196166992188,107.10174251651071,105.45770081878455,105.45770081878455,24843600
2023-04-14,108.47676086425781,108.5465077179774,106.4540869027157,106.50390934187409,26578000
2023-04-17,105.58724212646484,105.77655828721112,104.14247490310183,104.28197622280368,37571200
2023-04-18,104.12255096435547,106.15518349348778,103.69410379985447,106.10536105037748,26596400
2023-04-19,103.80370330810547,104.60081675777899,102.69771200755615,103.20587202176895,20905700
2023-04-20,104.90969848632812,105.86623010018933,103.4948292826066,103.53468571674718,27820800
2023-04-21,105.02926635742188,105.61713164884955,104.40153703055937,105.0890472068993,25800100
2023-04-24,105.58724212646484,106.24485428184863,104.32182505490422,105.10897252104597,23542800
2023-04-25,103.47489166259766,106.30463751867882,103.46492565414268,105.44774323564162,46664100
2023-04-26,103.33540344238281,105.96586727832175,102.25930252717939,104.54103206703503,53347600
2023-04-27,107.20138549804688,107.97857455423448,103.16601850003548,104.07272766283151,50089200
2023-04-28,106.95228576660156,106.96225177525531,104.71041273525408,106.65337392352426,36139800
2023-05-01,106.81278991699219,107.59993734447947,106.43416521593025,106.4540896310021,26681700
2023-05-02,104.93958282470703,106.81278950963804,103.33539755232405,106.75300866281339,30997200
2023-05-03,105.02926635742188,107.1017476916255,104.58088718082902,105.1488280563767,21795400
2023-05-04,104.3118667602539,105.21857592734976,103.59446615227093,105.1089726343614,23419500
2023-05-05,105.18868255615234,105.49756040855702,103.73395696485923,104.44139154407344,26625100
2023-05-08,107.38072967529297,107.57004582481335,104.78016403112034,104.80008844598915,26511400
2023-05-09,106.96224975585938,109.7521391829327,106.80283162959533,107.99849418300555,36360100
2023-05-10,111.34636688232422,112.53207111884933,107.54016475695272,107.58002119199466,63153400
2023-05-11,116.1489486694336,117.49407094690639,113.99675454584455,114.98317653574632,78900000
2023-05-12,117.08555603027344,117.60367444556137,115.69061130964677,116.25855216567884,41073800
2023-05-15,116.08916473388672,118.05205025481185,115.5909707479397,115.69060802476172,36266800
2023-05-16,119.07833099365234,120.31384997460805,116.00945415536636,116.06923500226898,45035600
2023-05-17,120.40352630615234,121.2305301983083,118.4605726817738,119.17797328210969,33323600
2023-05-18,122.38633728027344,122.86459925314621,120.39356132235058,120.51312301465028,35234200
2023-05-19,122.31659698486328,125.51500165661868,121.70879967695764,123.10374444267285,41330300
2023-05-22,124.59832000732422,125.97333268380879,122.2966586030265,122.4959407602368,35253000
2023-05-23,122.1173095703125,124.17983240466921,121.768575294327,123.71153643510985,34046300
2023-05-24,120.46331024169922,121.46966424621482,119.42706581359634,120.68251681712213,34182600
2023-05-25,123.03399658203125,124.86734689781153,121.51948252810746,124.07023343765825,42317000
2023-05-26,124.159912109375,124.80756584445876,122.00771033158968,122.72511092418479,35635900
2023-05-30,123.22331237792969,125.20613013606504,121.55934610406106,125.18619811737948,35076700
2023-05-31,122.42620086669922,123.61189746171073,122.05753455627593,122.30663156557445,37325800
2023-06-01,123.27312469482422,123.97059325475999,122.1770994141378,122.37637397359454,30772700
2023-06-02,124.21968841552734,125.69434597991656,123.31297930103759,123.5421442808356,26963100
2023-06-05,125.55485534667969,126.96972449731847,123.39268758623903,123.56207932544066,32305500
2023-06-06,126.85015869140625,127.82661471166512,124.90720505794604,125.55485880304526,26638300
2023-06-07,122.05753326416016,128.57390426880946,121.67890855069605,126.51138895956268,52539000
2023-06-08,121.69883728027344,122.78490422077098,120.80208650413729,121.78851615880586,29389200
2023-06-09,121.78851318359375,123.31298566486453,121.46966931562756,121.80843759953775,23762500
2023-06-12,123.19341278076172,123.60193551318817,121.2205687806728,122.34648449378062,28306400
2023-06-13,123.38273620605469,124.7079341600891,122.73508244190093,124.52858400389017,22278300
2023-06-14,123.22331237792969,123.60194471457754,121.01132961777485,122.6553714747957,30592300
2023-06-15,124.63816833496094,125.00683462293748,121.95788984735073,122.69521482146682,35246300
2023-06-16,123.08380889892578,125.65449177329197,122.83471189796403,125.47514162852602,45514000
2023-06-20,122.65536499023438,124.12005661083856,121.6988333935176,122.48598084955104,26097500
2023-06-21,120.11457824707031,122.21695756683378,119.6661990792251,121.95789455442348,30306300
2023-06-22,122.70518493652344,122.79485620853035,118.40078903793518,119.56656118504847,26952200
2023-06-23,121.89810180664062,122.3464809586778,120.6227264087195,120.94157025819977,34885300
2023-06-26,117.91254425048828,121.55932773130915,117.84279739930608,120.32380882386583,33969900
2023-06-27,117.90259552001953,118.64988653051294,115.68064690401077,116.65711050253054,39535900
2023-06-28,119.74591064453125,119.95515121318527,116.42793676622343,116.66706775870843,27091400
2023-06-29,118.66981506347656,119.62634667787647,117.87270918572874,118.80930878212837,24090900
2023-06-30,119.26764678955078,120.64266716655467,119.25768838235332,119.73595039030789,29519700
2023-07-03,119.46692657470703,119.75588001624993,118.39082567554806,118.80930682460853,14467900
2023-07-05,121.31024169921875,122.16713600643209,118.79934722815834,118.80930563505716,27584800
2023-07-06,119.67616271972656,119.86547887141528,117.9723401600396,119.36728487378151,24745200
2023-07-07,119.04844665527344,120.61277557782724,118.96873378743742,119.66620237640888,21692600
2023-07-10,116.02937316894531,117.88265535502273,115.72049533854465,117.87269694889395,35315200
2023-07-11,116.7168960571289,117.28483694393134,114.93336052794712,115.86996773145336,23078800
2023-07-12,118.50042724609375,119.89537199120542,117.98230882171146,118.3708995404575,30404400
2023-07-13,124.09016418457031,124.37911762087124,120.01493325406626,120.49320284562855,44297900
2023-07-14,124.96698760986328,126.32207596821483,123.04395836616128,124.3492318830343,33266800
2023-07-17,124.19976806640625,126.6409156717828,123.75138889683441,125.48510952290583,25716200
2023-07-18,123.31298065185547,124.22965578476325,122.5158672134261,124.14994292055289,26226400
2023-07-19,121.58922576904297,124.72784947251137,121.36006078730566,124.14994261118203,37224000
2023-07-20,118.76944732666016,123.6417840699944,117.79299133737987,120.9814299172462,37906800
2023-07-21,119.58648681640625,120.5529844121068,118.30115296021432,120.18432570988017,72937900
2023-07-24,121.09103393554688,122.55572553012773,120.54302508980719,121.22056924233992,29686100
2023-07-25,121.7685775756836,122.70518473602398,120.58287341328139,120.92164928904083,52509600
2023-07-26,128.80308532714844,130.50690035010535,127.85651973620851,129.600198794557,61682100
2023-07-27,128.93260192871094,132.75874342754594,128.32480463674472,131.19440695995237,44952100
2023-07-28,132.1011199951172,133.256933698894,130.09838563194066,130.30761859333836,36591200
2023-07-31,132.24061584472656,133.04768768767389,131.30400869732006,132.25057425134872,28055500
2023-08-01,131.07484436035156,132.15094522413256,130.20797646238464,130.30762134379327,23166800
2023-08-02,127.91629791259766,129.62011289995053,127.09925244456683,128.9824251800842,26273300
2023-08-03,127.98603820800781,128.92264537997931,126.95975976306235,127.50777621513873,20089500
2023-08-04,127.64726257324219,131.03497556664055,127.44798802133765,128.81303466574116,26130000
2023-08-07,131.05491638183594,131.13462924868435,128.55398789962547,128.6934816156915,22746300
2023-08-08,130.9253692626953,131.03497254426583,129.0720870857497,130.148187885622,23535200
2023-08-09,129.19166564941406,131.56305863932315,128.53404595147833,131.18444155563853,24912900
2023-08-10,129.22157287597656,131.57304935925964,128.982434262809,130.84569031592892,20857800
2023-08-11,129.09202575683594,129.46068444854572,127.7070470566833,128.1952826458814,19569200
2023-08-14,130.8556365966797,130.8954854266769,128.49420192473363,128.92264146281912,24695600
2023-08-15,129.31124877929688,130.9453246851949,128.8130547201368,130.62648839324402,19770700
2023-08-16,128.23513793945312,129.8094328699446,127.4081416421522,128.23513793945312,25216100
2023-08-17,129.4507293701172,131.51325986348394,128.82300005410565,129.33116767322912,33446300
2023-08-18,126.9996109008789,128.78314629564642,125.92351005903534,128.0458137178071,30491300
2023-08-21,127.90632629394531,128.26502659218565,126.10286639578614,126.72062970983059,25248700
2023-08-22,128.61376953125,129.8094321339003,127.85652009709561,128.04582105287807,22067500
2023-08-23,131.89187622070312,132.92812826674933,129.40090619188467,129.70978404287024,27819700
2023-08-24,129.31124877929688,133.7651048844821,129.10201578850825,133.46618540825082,28500700
2023-08-25,129.41087341308594,130.28768448144152,126.79036820697252,129.07208995110042,26762900
2023-08-28,130.53677368164062,132.06124595673748,129.66992107131927,130.8356930932361,20543300
2023-08-29,134.0839385986328,136.07671457100213,131.76235276638167,131.76235276638167,43075600
2023-08-30,135.3892059326172,135.78775505005075,133.58574609016776,134.29317305416347,28315800
2023-08-31,135.67816162109375,137.50155361301168,135.299529289447,135.51873588106614,30053800
2023-09-01,135.1699981689453,136.9634995889822,134.36292633084724,136.9634995889822,21524600
2023-09-05,135.27960205078125,135.92724816468564,134.09389790666236,134.9507921886889,19403100
2023-09-06,133.97433471679688,136.03684993312544,133.18717969715058,135.5286975357515,18684500
2023-09-07,134.77142333984375,135.09027476905888,132.46976969851147,133.10745735326879,18844300
2023-09-08,135.8874053955078,136.16639282966472,134.36293291469514,134.4227137643466,23558300
2023-09-11,136.42543029785156,136.98340509275795,135.29950709862578,136.0467980283053,20763400
2023-09-12,134.8511505126953,136.37562296174207,134.70169839168076,135.76782566349192,18405500
2023-09-13,136.21621704101562,136.40551799947846,133.66545086125632,134.60205806109118,20749500
2023-09-14,137.6011962890625,138.199019999041,135.74791390114632,137.10300226224282,24751000
2023-09-15,136.90370178222656,138.01966665352936,135.98702666900658,137.48160863258406,38908400
2023-09-18,137.71080017089844,138.65736578516098,136.11657319680083,136.11657319680083,21861300
2023-09-19,137.5413818359375,137.91005570496588,136.12651281347675,136.9236261904939,20353700
2023-09-20,133.25692749023438,137.58124746594825,133.1373505999044,137.58124746594825,29927500
2023-09-21,129.96885681152344,131.75238469211735,129.6001981063206,130.96524483957415,31488700
2023-09-22,129.77952575683594,131.55309502689272,129.13187969441304,130.28767811949052,26397300
2023-09-25,130.6364288330078,130.6962096792964,128.49420075473788,129.36105343327074,20094600
2023-09-26,128.10562133789062,129.88914929190594,126.76049136317812,129.30128398003765,25718700
2023-09-27,130.06849670410156,130.4271970305092,128.1056261221129,128.1056261221129,22746500
2023-09-28,131.83209228515625,132.81852186678947,129.3211902978825,129.37101273802696,22513100
2023-09-29,130.38734436035156,133.56582475847176,129.8891503218669,132.79860168217624,30848100
2023-10-02,133.6853790283203,133.9344760337104,130.69621496363905,130.7360789985593,22288000
2023-10-03,131.95166015625,133.7750520844503,131.36379486457568,133.45621581921205,22989400
2023-10-04,134.75152587890625,135.08033576112487,132.0513075632974,132.31036298398095,26752300
2023-10-05,134.58213806152344,135.00061920828836,132.96797911980192,134.58213806152344,19832600
2023-10-06,137.08306884765625,137.66097573732085,133.52595623463657,133.52595623463657,27583200
2023-10-09,137.92002868652344,138.4381547168922,135.12018076702492,136.4453786655851,19278100
2023-10-10,137.56134033203125,139.2153482470968,136.83398126718475,137.9997535339692,27786600
2023-10-11,140.0423583984375,140.60033333333632,138.07947251437622,138.07947251437622,25884300
2023-10-12,138.46804809570312,140.7099212012559,137.76060589277833,140.54053705772182,24765500
2023-10-13,136.8638458251953,139.49430933595497,136.12651328824006,138.87655368835686,23420500
2023-10-16,138.5975799560547,139.12566439147554,137.49158864337292,137.6709311895877,28501900
2023-10-17,139.21534729003906,139.3946898512302,136.6845129884962,138.12928790413469,23515800
2023-10-18,137.46168518066406,140.21171038750475,136.883778358218,138.94629346243022,23375000
2023-10-19,137.25244140625,139.15554605757043,136.88378272645053,137.99973237579403,26066000
2023-10-20,135.1102294921875,137.3720194831689,134.5921034344683,136.83397661053107,26315200
2023-10-23,136.00697326660156,137.16278709122918,133.46618061539147,134.55223997647707,26317900
2023-10-24,138.30860900878906,138.85662542242744,136.92363036541585,137.33215307409841,44814300
2023-10-25,125.15629577636719,127.84654030313649,124.6182453506459,127.69708818641148,84366200
2023-10-26,121.83832550048828,123.88092397604004,120.83197147482018,122.82474750878784,57061100
2023-10-27,121.72872161865234,122.86460334434449,119.77580202707922,122.43615619505098,44566500
2023-10-30,124.01045227050781,124.94705944350845,122.30662966559456,122.76496724336327,28940100
2023-10-31,123.63182830810547,124.91716977612808,122.24684955767498,124.60828431827505,26292300
2023-11-01,125.99325561523438,126.0331120462072,123.27312071741295,123.62185498612891,30082400
2023-11-02,127.02951049804688,128.5141265655758,126.4715356220548,127.95615168958372,27124600
2023-11-03,128.63369750976562,129.06213705409462,127.39817091040808,127.55759664006862,26380100
2023-11-06,129.77952575683594,129.86919702018562,128.2052310287806,128.5838633011544,19052700
2023-11-07,130.49693298339844,131.43354010302204,129.41087375050458,130.23787758583876,29757300
2023-11-08,131.36378479003906,131.7324586731549,130.307615986695,130.49693213138377,26425800
2023-11-09,129.7695770263672,132.07123084598703,129.6001928928534,131.4833655819673,23747800
2023-11-10,132.111083984375,132.32033215828918,128.94257737706485,129.63008754377262,26913300
2023-11-13,131.61288452148438,132.1110785110762,130.77592226785188,131.3040066805253,18324800
2023-11-14,133.13735961914062,135.2098484824034,132.83845538225,133.70530807658145,32395200
2023-11-15,134.1337432861328,134.5422660015874,133.0875480834585,134.38284027794552,23861500
2023-11-16,136.43540954589844,136.72437059690728,133.83485130887016,134.70170405454627,28013200
2023-11-17,134.82125854492188,135.56854954878804,133.16725080748287,135.50876870106666,37240600
2023-11-20,135.75787353515625,136.1663962897221,133.13736806522817,133.20712252737732,27815500
2023-11-21,136.4752655029297,136.68449846875959,135.46891909679343,135.79771375738326,22635300
2023-11-22,137.98977661132812,138.91641013353967,136.97345661626224,136.97345661626224,17813900
2023-11-24,136.19627380371094,137.63107491048424,135.49880526671663,137.53143003219628,12514300
2023-11-27,135.91729736328125,137.92003186771603,135.5087746144586,135.53866503962365,23436500
2023-11-28,136.7044219970703,136.75424443468464,134.93085268444804,135.58847237214127,18730000
2023-11-29,134.50242614746094,137.7904944958527,134.3529588201955,137.073109098943,23967200
2023-11-30,132.05130004882812,135.06039605731448,130.80581505236393,134.5622020587288,38988300
2023-12-01,131.38372802734375,131.63282503822498,130.1980238229611,131.38372802734375,31431200
2023-12-04,128.80308532714844,129.5603347591654,127.43803098480845,129.41088263563404,36669900
2023-12-05,130.51687622070312,131.66271639741683,127.78676748875102,128.4842360834322,27384800
2023-12-06,129.55038452148438,131.3638029506084,129.41089079616714,130.9652537936094,23576200
2023-12-07,136.43540954589844,138.05952694634925,134.21346843258232,134.55223672357351,56767100
2023-12-08,134.50242614746094,135.90732172023704,133.54588694545663,133.71527108675093,32233900
2023-12-11,132.8085479736328,132.85837041367114,130.8855264582816,131.90184646110157,31138000
2023-12-12,132.0413360595703,132.51959802096323,130.7858775058627,131.3338939218721,29032800
2023-12-13,132.09117126464844,133.01780485463578,131.09478321330286,132.89824315365036,30104800
2023-12-14,131.4634246826172,133.23699396507317,129.22155186116376,132.89822572093507,38722400
2023-12-15,132.1210479736328,133.02774945143423,130.70616370837544,131.14457683804127,50815200
2023-12-18,135.3094940185547,136.6546087020942,131.95165610571698,132.15094586950747,32258000
2023-12-19,136.1564178466797,136.9734633268152,135.58848457703954,136.34573400445132,25476800
2023-12-20,137.84031677246094,141.18818116993648,137.57130295032147,138.46804609813597,49107200
2023-12-21,139.9127960205078,140.18182502770122,138.6772694723545,138.98616251214816,27488300
2023-12-22,140.97894287109375,141.47713686854152,140.20176145136915,140.261542298475,26514600
2023-12-26,141.0088348388672,142.16463337081103,140.68002497250987,141.078574093363,16780300
2023-12-27,139.86297607421875,141.56680621191086,139.38471410020873,141.07857062773616,19628600
2023-12-28,139.72348022460938,140.63019692261247,139.24521825792567,140.27149664668124,16045700
2023-12-29,139.18544006347656,139.8530181890156,138.27872334820412,139.12565921696174,18727200
